<?xml version="1.0" encoding="utf-8"?>
<COLLADA xmlns="http://www.collada.org/2005/11/COLLADASchema" version="1.4.1">
  <asset>
    <created>2018-07-16T23:02:14Z</created>
    <modified>2018-07-16T23:02:14Z</modified>
  </asset>
  <library_images>
    <image id="Image">
      <init_from>m_chf_16cod.png</init_from>
    </image>
    <image id="Image1">
      <init_from>m_chf_16eye.png</init_from>
    </image>
  </library_images>
  <library_materials>
    <material id="VisualMaterial" name="m_chf_16cod_png">
      <instance_effect url="#Effect"/>
      <extra>
        <technique profile="FCOLLADA">
          <user_properties>m_chf_16cod.png</user_properties>
        </technique>
      </extra>
    </material>
    <material id="VisualMaterial1" name="m_chf_16eye_png">
      <instance_effect url="#Effect1"/>
      <extra>
        <technique profile="FCOLLADA">
          <user_properties>m_chf_16eye.png</user_properties>
        </technique>
      </extra>
    </material>
  </library_materials>
  <library_effects>
    <effect id="Effect" name="m_chf_16cod_png">
      <profile_COMMON>
        <newparam sid="Image-surface">
          <surface type="2D">
            <init_from>Image</init_from>
            <format>A8R8G8B8</format>
          </surface>
        </newparam>
        <newparam sid="Image-sampler">
          <sampler2D>
            <source>Image-surface</source>
            <wrap_s>WRAP</wrap_s>
            <wrap_t>WRAP</wrap_t>
            <minfilter>NONE</minfilter>
            <magfilter>NONE</magfilter>
            <mipfilter>NONE</mipfilter>
          </sampler2D>
        </newparam>
        <technique sid="common">
          <phong>
            <emission>
              <color>0 0 0 1</color>
            </emission>
            <ambient>
              <color>0 0 0 1</color>
            </ambient>
            <diffuse>
              <texture texture="Image-sampler" texcoord=""/>
            </diffuse>
            <specular>
              <color>1 1 1 1</color>
            </specular>
            <shininess>
              <float>0</float>
            </shininess>
            <transparent opaque="A_ONE">
              <color>0 0 0 1</color>
            </transparent>
            <transparency>
              <float>1</float>
            </transparency>
            <index_of_refraction>
              <float>1.55</float>
            </index_of_refraction>
          </phong>
          <extra>
            <technique profile="FCOLLADA">
              <spec_level>
                <float>0</float>
              </spec_level>
            </technique>
          </extra>
        </technique>
      </profile_COMMON>
      <extra>
        <technique profile="FCOLLADA">
          <user_properties>m_chf_16cod.png</user_properties>
        </technique>
      </extra>
    </effect>
    <effect id="Effect1" name="m_chf_16eye_png">
      <profile_COMMON>
        <newparam sid="Image1-surface">
          <surface type="2D">
            <init_from>Image1</init_from>
            <format>A8R8G8B8</format>
          </surface>
        </newparam>
        <newparam sid="Image1-sampler">
          <sampler2D>
            <source>Image1-surface</source>
            <wrap_s>WRAP</wrap_s>
            <wrap_t>WRAP</wrap_t>
            <minfilter>NONE</minfilter>
            <magfilter>NONE</magfilter>
            <mipfilter>NONE</mipfilter>
          </sampler2D>
        </newparam>
        <technique sid="common">
          <phong>
            <emission>
              <color>0 0 0 1</color>
            </emission>
            <ambient>
              <color>0 0 0 1</color>
            </ambient>
            <diffuse>
              <texture texture="Image1-sampler" texcoord=""/>
            </diffuse>
            <specular>
              <color>1 1 1 1</color>
            </specular>
            <shininess>
              <float>0</float>
            </shininess>
            <transparent opaque="A_ONE">
              <color>0 0 0 1</color>
            </transparent>
            <transparency>
              <float>1</float>
            </transparency>
            <index_of_refraction>
              <float>1.55</float>
            </index_of_refraction>
          </phong>
          <extra>
            <technique profile="FCOLLADA">
              <spec_level>
                <float>0</float>
              </spec_level>
            </technique>
          </extra>
        </technique>
      </profile_COMMON>
      <extra>
        <technique profile="FCOLLADA">
          <user_properties>m_chf_16eye.png</user_properties>
        </technique>
      </extra>
    </effect>
  </library_effects>
  <library_geometries>
    <geometry id="Geometry" name="mesh0">
      <mesh>
        <source id="GeometrySource" name="mesh0Pos">
          <float_array id="GeometrySource-array" count="8424">-0.010686 -1.15961 -0.396529 0.085219 -1.11886 -0.389896 -0.065059 -1.16708 -0.085374 0.16061 -1.02095 -0.945124 -0.062689 -1.14321 -0.450079 -0.52976 -1.1532 -1.01674 -0.628259 -1.23425 -0.504795 -1.33641 -1.2715 -0.542116 -1.38781 -1.14051 0.028958 -2.00716 -1.24999 -0.551728 -2.03025 -1.08757 0.031833 -1.58686 -1.93873 -0.102517 -1.41966 -1.94326 0.093495 -1.55277 -1.9021 0.139284 -1.45897 -1.98258 -0.089006 -1.32162 -1.94142 -0.299504 -1.03816 -1.79442 0.089531 -1.23637 -1.92332 -0.498941 -0.951123 -1.76234 -0.601235 -1.00643 -1.6526 -0.700893 -0.597615 -1.45089 -0.655569 -1.3119 0.516338 -1.71431 -0.902957 0.796194 -1.5925 -0.637178 0.666202 -1.60903 -1.30405 0.959282 -1.4527 -2.02209 0.97136 -1.45825 -1.3231 1.2526 -1.01878 -2.00776 1.23841 -1.00231 -1.33641 1.2735 -0.54211 -2.00716 1.25199 -0.551724 -1.38781 1.14251 0.028963 -2.00776 -1.2364 -1.00231 -1.3231 -1.25059 -1.01878 -2.02209 -0.969353 -1.45825 -1.30405 -0.957275 -1.4527 -1.3119 -0.514332 -1.71431 -0.902957 -0.794189 -1.5925 -0.637178 -0.664195 -1.60903 -0.768075 0.491393 0.840662 -1.7178 0.131935 0.960521 -0.767144 0.000999 0.972511 -1.51659 0.545561 0.7809 -0.739986 0.873264 0.529099 -1.42875 0.819655 0.51978 -2.03025 1.08957 0.031837 -1.7178 -0.12994 0.96052 -0.768075 -0.489396 0.840661 -1.51659 -0.543564 0.780897 -2.32823 0.000999 0.905272 -2.06105 -0.683297 0.614899 -2.90188 -0.592858 0.583535 -2.96572 -0.976909 0.033694 -0.606686 -0.780721 -1.53749 -0.43672 -0.704915 -1.52943 0.148399 -0.690918 -1.42142 -0.739986 -0.871267 0.529096 -1.42875 -0.817658 0.519776 -1.42615 -1.86532 -0.391421 -1.35284 -1.83886 -0.594736 0.148399 0.692924 -1.42142 -0.43672 0.706922 -1.52943 0.16061 1.02295 -0.94512 -0.392458 0.001003 -1.68477 0.164697 0.001003 -1.54249 -0.593629 -1.55259 0.004675 -0.552786 -1.53986 -0.582574 -0.062689 -1.14321 -0.450079 -2.06105 0.685294 0.614902 -0.606686 0.782726 -1.53749 -0.52976 1.15521 -1.01673 -1.32586 0.001004 -1.81316 -2.01187 0.539826 -1.71772 -0.70049 1.15118 0.041089 -0.628259 1.23625 -0.50479 -0.110808 1.14946 -0.065927 -0.062689 1.14521 -0.450075 -0.010686 1.16161 -0.396525 -2.01187 -0.537819 -1.71772 -1.99587 0.001004 -1.81744 -1.09506 -1.6919 0.128876 -1.58686 -1.93873 -0.102517 -1.55277 -1.9021 0.139284 -1.42615 -1.86532 -0.391421 -1.35284 -1.83886 -0.594736 -1.7178 -0.12994 0.96052 -2.57969 0.000997 1.32177 -2.32823 0.000999 0.905272 -2.4276 0.000996 1.80545 -2.0172 0.000996 1.81131 -2.90188 0.594855 0.583538 -2.96572 0.978909 0.033697 -0.606686 -0.780721 -1.53749 -0.481564 -0.811723 -1.83271 -0.43672 -0.704915 -1.52943 -0.684644 -0.917812 -2.10075 -1.08115 -0.97647 -2.16803 -0.637178 0.666202 -1.60903 -0.481563 0.813729 -1.8327 -0.43672 0.706922 -1.52943 -0.684644 0.919821 -2.10075 -1.08115 0.978478 -2.16803 -1.6068 0.000997 1.55036 -1.16265 0.000997 1.13251 -0.767144 0.000999 0.972511 -0.637178 -0.664195 -1.60903 -1.12655 -0.905063 -1.954 -0.902957 -0.794189 -1.5925 -1.08115 -0.97647 -2.16803 -0.684644 -0.917812 -2.10075 -1.00643 -1.6526 -0.700893 -0.672591 -1.48696 0.050063 -1.41966 -1.94326 0.093495 -1.09506 -1.6919 0.128876 -1.55277 -1.9021 0.139284 -1.03816 -1.79442 0.089531 -2.0172 0.000996 1.81131 -1.7178 0.131935 0.960521 -2.4276 0.000996 1.80545 -1.6068 0.000997 1.55036 -2.57969 0.000997 1.32177 -2.32823 0.000999 0.905272 -1.08115 0.978478 -2.16803 -0.606686 0.782726 -1.53749 -0.684644 0.919821 -2.10075 -1.12655 0.907071 -1.95399 -0.70049 -1.14918 0.041085 -0.481563 0.813729 -1.8327 -0.43672 0.706922 -1.52943 0.085219 1.12086 -0.389892 -0.065059 1.16908 -0.085368 -1.12655 0.907071 -1.95399 -0.902957 0.796194 -1.5925 -0.481564 -0.811723 -1.83271 -0.43672 -0.704915 -1.52943 -1.12655 -0.905063 -1.954 -0.902957 -0.794189 -1.5925 -0.597615 -1.45089 -0.655569 -0.110808 -1.14746 -0.065931 -0.010686 -1.15961 -0.396529 -0.065059 -1.16708 -0.085374 -0.110808 -1.14746 -0.065931 -0.110808 -1.14746 -0.065931 -0.593629 -1.55259 0.004675 -0.065059 -1.16708 -0.085374 -0.672591 -1.48696 0.050063 -1.16265 0.000997 1.13251 -0.062689 -1.14321 -0.450079 -0.902957 0.796194 -1.5925 -1.41965 1.94526 0.093502 -1.58686 1.94073 -0.102509 -1.55277 1.9041 0.139291 -1.45897 1.98459 -0.088998 -1.03816 1.79642 0.089538 -1.32162 1.94342 -0.299496 -1.23637 1.92532 -0.498934 -1.42615 1.86733 -0.391415 -1.35284 1.84086 -0.594728 0.42098 0.696519 -1.36994 0.148399 0.692924 -1.42142 0.16061 1.02295 -0.94512 0.164697 0.001003 -1.54249 0.957082 0.001006 -1.4161 0.421564 -0.694636 -1.3697 0.933505 -0.667471 -1.31692 0.86928 -1.0315 -0.955241 1.37634 -1.00094 -0.936572 -1.09505 1.69391 0.128883 -1.41965 1.94526 0.093502 -1.55277 1.9041 0.139291 -1.03816 1.79642 0.089538 -0.672591 1.48896 0.050068 -0.593629 1.55459 0.00468 -0.110808 1.14946 -0.065927 -0.065059 1.16908 -0.085368 1.4452 0.001064 -1.38161 1.43474 -0.60454 -1.30457 1.43474 0.606628 -1.30427 0.933504 0.669474 -1.3169 1.37634 1.00284 -0.936079 0.86928 1.03342 -0.954733 -1.00643 1.6546 -0.700888 -0.951122 1.76435 -0.601228 -0.593629 1.55459 0.00468 -0.597615 1.45289 -0.655563 -0.552785 1.54186 -0.582569 -0.065059 1.16908 -0.085368 0.151071 -1.07095 -0.955127 0.16061 -1.02095 -0.945124 0.421564 -0.694636 -1.3697 0.085219 -1.11886 -0.389896 -0.011595 -1.21679 -0.407133 -0.07453 -1.14742 0.087128 -0.062689 1.14521 -0.450075 -0.010686 1.16161 -0.396525 -0.07453 -1.14742 0.087128 -0.070357 0.482062 0.866414 -0.064778 0.00114 0.971335 -0.07556 0.837391 0.572312 -1.58686 1.94073 -0.102509 -1.09505 1.69391 0.128883 -1.55277 1.9041 0.139291 -1.42615 1.86733 -0.391415 -1.35284 1.84086 -0.594728 -1.00643 1.6546 -0.700888 -0.672591 1.48896 0.050068 -0.597615 1.45289 -0.655563 -0.110808 1.14946 -0.065927 -0.062689 1.14521 -0.450075 0.148399 -0.690918 -1.42142 0.16061 -1.02095 -0.945124 -0.074858 -0.835258 0.5726 -0.069953 -0.479824 0.86658 0.16061 1.02295 -0.94512 0.150171 1.07275 -0.955496 0.42098 0.696519 -1.36994 0.085219 1.12086 -0.389892 -0.012618 1.21863 -0.407552 -0.075494 1.14939 0.086732 -0.075494 1.14939 0.086732 0.80452 1.17039 -0.422629 1.31335 1.12036 -0.425355 1.30208 1.1064 -0.047841 0.749849 1.10262 0.099984 1.26387 0.987282 0.310299 0.692021 0.761982 0.619744 1.23558 0.688224 0.658082 0.668917 0.452005 0.866922 1.24092 0.398146 0.849301 0.663952 0.001612 0.949489 1.24527 0.00116 0.925232 1.24119 -0.395794 0.849107 0.752334 -1.09886 0.100848 -0.07453 -1.14742 0.087128 -0.011595 -1.21679 -0.407133 -0.074858 -0.835258 0.5726 0.693296 -0.758669 0.61998 -0.069953 -0.479824 0.86658 0.669629 -0.448791 0.867027 -0.064778 0.00114 0.971335 1.79965 1.05153 -0.055712 1.97955 1.06564 -0.421899 2.12557 1.01464 -0.295992 2.13345 1.08558 -0.53264 2.33193 1.02156 -0.321993 2.42432 0.998071 -0.544178 2.6947 0.913764 -0.43754 0.150171 1.07275 -0.955496 -0.012618 1.21863 -0.407552 -0.075494 1.14939 0.086732 -0.07556 0.837391 0.572312 1.23606 -0.68578 0.657744 1.26455 -0.984648 0.309815 0.807229 -1.16697 -0.421472 0.151071 -1.07095 -0.955127 1.30285 -1.10356 -0.048385 2.10671 0.950134 -0.136841 2.2852 0.924399 -0.235144 2.37957 0.748561 -0.062903 2.54357 0.749141 -0.165253 2.63988 0.88837 -0.255129 -0.070357 0.482062 0.866414 1.98003 -1.06286 -0.421923 2.13393 -1.08273 -0.532663 2.12614 -1.01146 -0.296247 2.03156 -1.02012 -0.695527 1.86022 -0.864355 -1.11219 1.85628 -0.548503 -1.30461 1.87551 0.001057 -1.35632 1.85628 0.550591 -1.30434 2.39812 0.001047 -1.31381 2.38173 0.395406 -1.28409 2.66367 0.001038 -1.27758 2.65291 0.614778 -1.16337 2.89731 0.343648 -1.26006 3.02738 0.423993 -1.20722 3.07093 0.001044 -1.29969 3.2054 0.001032 -1.25332 3.02738 -0.421953 -1.20743 3.27033 0.00099 -1.08776 3.08905 -0.433042 -1.03561 3.24096 0.000968 -0.998179 3.04776 -0.408167 -0.951011 2.38173 -0.393328 -1.28428 2.39693 -0.856788 -1.06383 2.65291 -0.612758 -1.16367 2.70983 -0.756441 -1.08471 2.73823 -0.758327 -0.920049 2.42501 -0.994214 -0.544668 2.18335 -1.006 -0.732725 2.31603 -0.928543 -0.654335 2.33238 -1.0186 -0.32202 2.28572 -0.921138 -0.235378 2.10736 -0.946698 -0.137307 2.38008 -0.744972 -0.06327 2.89731 -0.341582 -1.26023 2.39693 0.858758 -1.06341 1.86022 0.866349 -1.11176 2.70983 0.758422 -1.08434 2.73823 0.760227 -0.919677 3.08905 0.435 -1.0354 2.3903 -0.943946 -0.76112 2.39099 -0.952925 -0.919497 2.13289 -0.99321 -0.891768 2.54409 -0.745391 -0.165621 2.64049 -0.884508 -0.255564 2.69533 -0.909775 -0.437988 1.80038 -1.04834 -0.056229 1.31385 -1.11791 -0.425378 2.96307 -0.38327 -0.954331 2.72262 -0.609262 -0.80627 2.68985 -0.646287 -0.83514 2.99918 -0.348593 -0.881286 3.13243 0.000968 -0.996512 3.16049 0.000948 -0.916153 2.99918 0.350473 -0.881113 2.72581 -0.702319 -0.833633 2.31603 -0.928543 -0.654335 3.04776 0.410082 -0.950811 2.72581 0.704175 -0.833288 2.83369 0.312631 -0.966335 2.72262 0.611108 -0.805969 2.52469 0.612089 -0.901428 2.99918 0.350473 -0.881113 2.97306 0.000961 -0.970245 3.16049 0.000948 -0.916153 3.04776 0.410082 -0.950811 3.13243 0.000968 -0.996512 3.24096 0.000968 -0.998179 2.96307 0.385187 -0.954143 2.68985 0.648146 -0.834821 2.72262 -0.609262 -0.80627 2.83369 -0.310708 -0.966487 2.52469 -0.610197 -0.901729 2.99918 -0.348593 -0.881286 2.83369 -0.310708 -0.966487 2.19833 0.000958 -0.957479 2.52469 -0.610197 -0.901729 2.97306 0.000961 -0.970245 2.96307 -0.38327 -0.954331 2.68985 -0.646287 -0.83514 3.04776 -0.408167 -0.951011 2.72262 0.611108 -0.805969 2.96307 0.385187 -0.954143 2.68985 0.648146 -0.834821 2.83369 0.312631 -0.966335 2.52469 0.612089 -0.901428 1.72392 -1.01586 0.180693 1.76837 -0.885381 0.406712 1.74922 -0.61606 0.636112 1.75039 -0.344511 0.799832 1.74296 0.001343 0.875782 1.75016 0.34724 0.800001 2.17213 0.295561 0.688316 2.09811 0.573149 0.58579 2.5984 0.267947 0.476719 2.43091 0.53972 0.428705 2.94287 0.255725 0.192589 2.76313 0.512444 0.133487 2.91567 0.512488 -0.143307 3.01886 0.655842 -0.217422 3.0628 0.692262 -0.362313 2.68768 0.799327 -0.53553 2.31572 0.931235 -0.654144 2.18304 1.00849 -0.732698 1.97888 -0.732507 0.497959 2.0985 -0.570076 0.585508 2.25179 -0.634049 0.38569 2.43128 -0.53634 0.428441 2.40679 -0.640844 0.099241 2.76348 -0.508689 0.133236 2.91602 -0.50849 -0.143558 3.01931 -0.651737 -0.217743 3.19179 -0.237899 -0.119643 3.29779 -0.427129 -0.191251 3.2943 0.002121 -0.11118 3.4344 0.002185 -0.177186 3.2975 0.431413 -0.19104 3.50207 0.002235 -0.285584 3.36766 0.423903 -0.310723 3.44098 0.00224 -0.389295 3.31077 0.382614 -0.413642 1.74879 0.618867 0.636415 1.97837 0.73554 0.498319 2.25136 0.637328 0.386001 1.96752 0.699329 0.330328 2.16072 0.664943 0.265612 1.89041 0.427559 0.033873 2.2671 0.670792 0.060257 2.20133 0.744745 -0.068483 2.01639 0.885617 -0.096602 1.83162 0.932258 -0.039667 1.72322 1.01887 0.181194 2.26756 -0.667342 0.059927 2.16118 -0.661667 0.265285 1.968 -0.696218 0.329985 1.8907 -0.424357 0.033663 1.7659 -0.795591 0.254081 1.76658 -0.894601 0.128396 1.72392 -1.01586 0.180693 1.83226 -0.92906 -0.040125 2.6806 0.747059 -0.488772 2.68722 0.725006 -0.54747 2.3639 0.867088 -0.633246 2.95146 0.562754 -0.508073 2.94483 0.584803 -0.434915 3.22065 0.319233 -0.476069 3.21402 0.341277 -0.389643 3.33601 0.00222 -0.456522 3.33855 0.0022 -0.368557 3.21425 -0.336953 -0.38981 2.94305 -0.251875 0.192465 3.02698 0.001949 0.212932 3.19163 0.242075 -0.119524 2.17233 -0.292486 0.68817 2.59858 -0.264474 0.476588 2.68581 0.001759 0.504496 2.3639 0.867088 -0.633246 2.31572 0.931235 -0.654144 2.39015 0.946024 -0.761182 2.39084 0.954977 -0.919561 2.13273 0.995206 -0.89184 2.68722 0.725006 -0.54747 2.56848 0.693082 -0.478612 2.3639 0.867088 -0.633246 2.81476 0.529465 -0.427544 2.95146 0.562754 -0.508073 3.0827 0.288768 -0.400598 3.22065 0.319233 -0.476069 3.33601 0.00222 -0.456522 1.76776 0.888315 0.407149 1.76535 0.798599 0.254473 1.76596 0.89767 0.128836 2.03124 1.02255 -0.6955 2.21 0.001537 0.743396 3.21425 -0.336953 -0.38981 3.0198 -0.634328 -0.462389 2.94524 -0.580642 -0.435202 3.31103 -0.37821 -0.41383 3.33855 0.0022 -0.368557 3.44098 0.00224 -0.389295 3.31077 0.382614 -0.413642 3.36795 -0.419512 -0.310929 3.06328 -0.688054 -0.362653 3.31103 -0.37821 -0.41383 3.0198 -0.634328 -0.462389 2.3639 0.867088 -0.633246 2.6806 0.747059 -0.488772 3.01936 0.638553 -0.462077 2.94483 0.584803 -0.434915 3.21402 0.341277 -0.389643 2.68823 -0.795296 -0.535922 2.017 -0.882263 -0.097037 2.20185 -0.741277 -0.068849 3.0829 -0.284528 -0.400739 3.22086 -0.314861 -0.476224 2.95185 -0.558553 -0.508348 3.15777 0.002139 -0.375567 2.40635 0.64437 0.099557 2.36419 -0.864381 -0.633428 1.80313 0.001395 -0.748305 2.3639 0.867088 -0.633246 1.76776 0.888315 0.407149 2.17034 0.001804 -0.400527 2.3639 0.867088 -0.633246 2.56848 0.693082 -0.478612 1.80313 0.001395 -0.748305 2.36419 -0.864381 -0.633428 2.56896 -0.689159 -0.478951 2.81513 -0.525397 -0.427803 3.0829 -0.284528 -0.400739 3.15777 0.002139 -0.375567 3.0827 0.288768 -0.400598 2.81476 0.529465 -0.427544 2.68772 -0.720968 -0.547827 2.68111 -0.743053 -0.489139 2.36419 -0.864381 -0.633428 2.95185 -0.558553 -0.508348 1.76837 -0.885381 0.406712 2.36419 -0.864381 -0.633428 3.22086 -0.314861 -0.476224 2.94524 -0.580642 -0.435202 1.72322 1.01887 0.181194 2.81513 -0.525397 -0.427803 2.68772 -0.720968 -0.547827 2.36419 -0.864381 -0.633428 2.68111 -0.743053 -0.489139 3.01936 0.638553 -0.462077 2.56896 -0.689159 -0.478951 2.36419 -0.864381 -0.633428 2.36419 -0.864381 -0.633428 2.36419 -0.864381 -0.633428 2.3639 0.867088 -0.633246 2.3639 0.867088 -0.633246 -8.68529 -0.226843 0.128275 -8.06201 -0.281214 0.108579 -8.06201 -0.164912 0.39683 -8.06201 -0.183359 -0.172128 -8.67852 0.001 -0.352624 -8.06201 0.001 -0.243374 -8.06201 0.185359 -0.172128 -8.75657 0.000999 0.681202 -8.06223 0.000999 0.497714 -9.56257 0.000999 0.858111 -10.5349 0.000999 0.826746 -8.06201 0.166909 0.39683 -8.75657 0.000999 0.681202 -8.06223 0.000999 0.497714 -8.68529 0.228843 0.128276 -8.06201 0.283213 0.10858 -9.56257 0.000999 0.858111 -10.5349 0.000999 0.826746 -10.694 0.000999 0.612374 -10.5229 0.001 0.27747 -10.5983 0.001 0.119042 -10.5414 0.001 -0.076856 -10.661 0.001 -0.30799 -10.6707 0.001001 -0.678685 -10.328 0.001001 -0.784575 -9.57507 0.001001 -0.700782 -10.694 0.000999 0.612374 -10.5229 0.001 0.27747 -10.5983 0.001 0.119042 -10.5414 0.001 -0.076856 -10.661 0.001 -0.30799 -10.6707 0.001001 -0.678685 -10.328 0.001001 -0.784575 -9.57507 0.001001 -0.700782 -8.06201 -0.164912 0.39683 -7.77316 0.000999 0.501506 -8.06223 0.000999 0.497714 -7.13916 -0.225858 0.389425 -7.20839 -0.38994 0.107909 -6.18231 -0.512258 0.101653 -7.21626 -0.341019 -0.122423 -6.18231 -0.498315 -0.163513 -6.18231 -0.305972 -0.417963 -8.06201 -0.281214 0.108579 -8.06201 -0.183359 -0.172128 -7.8643 0.001 -0.272143 -8.06201 0.001 -0.243374 -8.06201 0.185359 -0.172128 -7.16127 -0.0996 -0.291092 -6.18231 0.001001 -0.525659 -5.75702 0.001001 -0.625243 -6.18231 0.307973 -0.417962 -7.77316 0.000999 0.501506 -8.06201 0.166909 0.39683 -8.06223 0.000999 0.497714 -7.13916 0.227856 0.389427 -7.05576 0.071254 0.540634 -6.18231 0.305801 0.422838 -6.18231 0.000999 0.607324 -6.18231 0.514257 0.101655 -7.20839 0.39194 0.10791 -7.21626 0.34302 -0.122422 -8.06201 0.283213 0.10858 -7.16127 0.101601 -0.291092 -7.05576 -0.069256 0.540632 -6.18231 -0.303804 0.422838 -6.18231 0.000999 0.607324 -7.16127 0.101601 -0.291092 -7.99157 0.001 -0.34104 -7.8643 0.001 -0.272143 -7.97503 0.001001 -0.484022 -7.80336 0.001001 -0.603315 -7.67949 0.001001 -0.746513 -7.1818 0.001001 -0.825365 -6.72185 0.001001 -0.622135 -7.16127 -0.0996 -0.291092 -6.72185 0.001001 -0.622135 -6.18231 0.001001 -0.525659 -7.1818 0.001001 -0.825365 -7.67949 0.001001 -0.746513 -7.05576 -0.069256 0.540632 -7.88382 0.000999 0.698173 -7.77316 0.000999 0.501506 -7.83195 0.000999 0.793654 -7.47999 0.000999 0.836179 -7.99157 0.001 -0.34104 -7.8643 0.001 -0.272143 -7.97503 0.001001 -0.484022 -6.18231 0.500315 -0.16351 -7.80336 0.001001 -0.603315 -7.88382 0.000999 0.698173 -7.05576 0.071254 0.540634 -7.77316 0.000999 0.501506 -7.83195 0.000999 0.793654 -7.47999 0.000999 0.836179 -7.21541 0.000999 0.918568 -6.896 0.000999 0.923389 -6.18231 0.000999 0.607324 -7.21541 0.000999 0.918568 -6.896 0.000999 0.923389 -6.18231 0.000999 0.607324 -4.61373 -0.765314 0.066924 -3.68351 -0.528463 0.542903 -4.61373 -0.442177 0.486677 -3.71158 -0.886649 0.061016 -3.77668 -0.898881 -0.385959 -3.00693 -1.11088 -0.494561 -3.06933 -1.11407 -0.88123 -2.55919 -1.19626 -0.958688 -3.15836 -0.880984 -1.24908 -2.56415 -0.936867 -1.38652 -2.55866 -0.523812 -1.64684 -3.70033 0.121742 0.805184 -3.06957 0.000999 0.845813 -3.68351 0.53046 0.542905 -3.71158 0.888649 0.06102 -4.61373 0.767314 0.066926 -3.77668 0.900883 -0.385955 -4.61373 0.76613 -0.283336 -3.89942 0.75658 -0.672472 -4.61373 0.555738 -0.581197 -4.22131 0.357065 -0.78525 -4.62135 0.309625 -0.742551 -4.61373 0.001001 -0.797295 -3.00693 1.11288 -0.494557 -3.06933 1.11608 -0.881226 -2.55919 1.19827 -0.958684 -3.15836 0.882988 -1.24908 -2.56415 0.938872 -1.38652 -2.55866 0.525818 -1.64684 -2.55042 0.001003 -1.7529 -3.18017 -0.470637 -1.50994 -3.6011 -0.789095 -1.11188 -3.61444 -0.924907 -0.761898 -3.89942 -0.754577 -0.672476 -3.18017 0.472644 -1.50994 -3.20628 0.001003 -1.63261 -3.64917 0.001003 -1.47569 -3.65641 -0.382333 -1.33666 -4.05275 0.001003 -1.18818 -4.00914 -0.574863 -0.945216 -4.59196 -0.065177 0.727228 -3.70033 -0.119746 0.805184 -4.61373 -0.764129 -0.283339 -4.61373 -0.553736 -0.5812 -4.22131 -0.355062 -0.785251 -4.62135 -0.307623 -0.742553 -4.00914 0.576867 -0.945215 -3.65641 0.384339 -1.33666 -3.6011 0.791099 -1.11187 -4.27393 0.001001 -0.900654 -3.61444 0.92691 -0.761894 -3.70033 -0.119746 0.805184 -4.46383 0.000997 1.31956 -4.59196 -0.065177 0.727228 -4.09385 0.000997 1.45017 -3.58517 0.000997 1.23969 -4.46383 0.000997 1.31956 -3.70033 0.121742 0.805184 -4.59196 0.067174 0.727228 -4.09385 0.000997 1.45017 -3.58517 0.000997 1.23969 -3.06957 0.000999 0.845813 -4.61373 0.444176 0.48668 -4.59196 0.067174 0.727228 -5.34006 0.000999 0.659589 -5.33173 -0.385779 0.445741 -5.33173 -0.642309 0.07041 -5.33173 -0.642838 -0.216185 -5.33173 -0.382721 -0.545856 -5.34006 0.000999 0.659589 -5.33173 0.387776 0.445742 -5.33173 0.644308 0.070413 -5.33173 0.64484 -0.216183 -5.34664 -0.077312 -0.741884 -5.0633 0.001001 -0.790738 -5.34664 0.079317 -0.741884 -5.33173 0.384724 -0.545853 -5.34664 0.079317 -0.741884 -6.2121 0.001001 -0.733149 -5.75702 0.001001 -0.625243 -6.40108 0.001001 -0.915714 -6.41085 0.001003 -1.09499 -6.17505 0.001003 -1.20843 -5.74279 0.001003 -1.24084 -5.34901 0.001001 -0.904535 -6.2121 0.001001 -0.733149 -5.34664 -0.077312 -0.741884 -5.75702 0.001001 -0.625243 -6.40108 0.001001 -0.915714 -6.41085 0.001003 -1.09499 -6.17505 0.001003 -1.20843 -5.74279 0.001003 -1.24084 -5.34901 0.001001 -0.904535 -5.44033 0.000999 0.930021 -5.34006 0.000999 0.659589 -5.34006 0.000999 0.659589 -5.44033 0.000999 0.930021 -5.0633 0.001001 -0.790738 -5.41022 0.000997 1.16235 -5.07209 0.000997 1.19291 -4.80648 0.000997 1.29608 -5.41022 0.000997 1.16235 -5.07209 0.000997 1.19291 -4.80648 0.000997 1.29608 0 0 0 0 0 0 0 0 0 0 0 0 0 0 0 0 0 0 0 0 0 0 0 0 0 0 0 0 0 0 0 0 0 0 0 0 0 0 0 0 0 0 0 0 0 0 0 0 0 0 0 0 0 0 0 0 0 0 0 0 0 0 0 0 0 0 0 0 0 0 0 0 0 0 0 0 0 0 0 0 0 0 0 0 0 0 0 0 0 0 0 0 0 0 0 0 0 0 0 0 0 0 0 0 0 0 0 0 0 0 0 0 0 0 0 0 0 0 0 0 0 0 0 0 0 0 0 0 0 0 0 0 0 0 0 0 0 0 0 0 0 0 0 0 0 0 0 0 0 0 0 0 0 0 0 0 0 0 0 0 0 0 0 0 0 0 0 0 0 0 0 0 0 0 0 0 0 0 0 0 0 0 0 0 0 0 0 0 0 0 0 0 0 0 0 0 0 0 0 0 0 0 0 0 0 0 0 0 0 0 0 0 0 0 0 0 0 0 0 0 0 0 0 0 0 0 0 0 0 0 0 0 0 0 0 0 0 0 0 0 0 0 0 0 0 0 0 0 0 0 0 0 0 0 0 0 0 0 0 0 0 0 0 0 0 0 0 0 0 0 0 0 0 0 0 0 0 0 0 0 0 0 0 0 0 0 0 0 0 0 0 0 0 0 0 0 0 0 0 0 0 0 0 0 0 0 0 0 0 0 0 0 0 0 0 0 0 0 0 0 0 0 0 0 0 0 0 0 0 0 0 0 0 0 0 0 0 0 0 0 0 0 0 0 0 0 0 0 0 0 0 0 0 0 0 0 0 0 0 0 0 0 0 0 0 0 0 0 0 0 0 0 0 0 0 0 0 0 0 0 0 0 0 0 0 0 0 0 0 0 0 0 0 0 0 0 0 0 0 0 0 0 0 0 0 0 0 0 0 0 0 0 0 0 0 0 0 0 0 0 0 0 0 0 0 0 0 0 0 0 0 0 0 0 0 0 0 0 0 0 0 0 0 0 0 0 0 0 0 0 0 0 0 0 0 0 0 0 0 0 0 0 0 0 0 0 0 0 0 0 0 0 0 0 0 0 0 0 0 0 0 0 0 0 0 0 0 0 0 0 0 0 0 0 0 0 0 0 0 0 0 0 0 0 0 0 0 0 0 0 0 0 0 0 0 0 0 0 0 0 0 0 0 0 0 0 0 0 0 0 0 0 0 0 0 0 0 0 0 0 0 0 0 0 0 0 0 0 0 0 0 0 0 0 0 0 0 0 0 0 0 0 0 0 0 0 0 0 0 0 0 0 0 0 0 0 0 0 0 0 0 0 0 0 0 0 0 0 0 0 0 0 0 0 0 0 0 0 0 0 0 0 0 0 0 0 0 0 0 0 0 0 0 0 0 0 0 0 0 0 0 0 0 0 0 0 0 0 0 0 0 0 0 0 0 0 0 0 0 0 0 0 0 0 0 0 0 0 0 0 0 0 0 0 0 0 0 0 0 0 0 0 0 0 0 0 0 0 0 0 0 0 0 0 0 0 0 0 0 0 0 0 0 0 0 0 0 0 0 0 0 0 0 0 0 0 0 0 0 0 0 0 0 0 0 0 0 0 0 0 0 0 0 0 0 0 0 0 0 0 0 0 0 0 0 0 0 0 0 0 0 0 0 0 0 0 0 0 0 0 0 0 0 0 0 0 0 0 0 0 0 0 0 0 0 0 0 0 0 0 0 0 0 0 0 0 0 0 0 0 0 0 0 0 0 0 0 0 0 0 0 0 0 0 0 0 0 0 0 0 0 0 0 0 0 0 0 0 0 0 0 0 0 0 0 0 0 0 0 0 0 0 0 0 0 0 0 0 0 0 0 0 0 0 0 0 0 0 0 0 0 0 0 0 0 0 0 0 0 0 0 0 0 0 0 0 0 0 0 0 0 0 0 0 0 0 0 0 0 0 0 0 0 0 0 0 0 0 0 0 0 0 0 0 0 0 0 0 0 0 0 0 0 0 0 0 0 0 0 0 0 0 0 0 0 0 0 0 0 0 0 0 0 0 0 0 0 0 0 0 0 0 0 0 0 0 0 0 0 0 0 0 0 0 0 0 0 0 0 0 0 0 0 0 0 0 0 0 0 0 0 0 0 0 0 0 0 0 0 0 0 0 0 0 0 0 0 0 0 0 0 0 0 0 0 0 0 0 0 0 0 0 0 0 0 0 0 0 0 0 0 0 0 0 0 0 0 0 0 0 0 0 0 0 0 0 0 0 0 0 0 0 0 0 0 0 0 0 0 0 0 0 0 0 0 0 0 0 0 0 0 0 0 0 0 0 0 0 0 0 0 0 0 0 0 0 0 0 0 0 0 0 0 0 0 0 0 0 0 0 0 0 0 0 0 0 0 0 0 0 0 0 0 0 0 0 0 0 0 0 0 0 0 0 0 0 0 0 0 0 0 0 0 0 0 0 0 0 0 0 0 0 0 0 0 0 0 0 0 0 0 0 0 0 0 0 0 0 0 0 0 0 0 0 0 0 0 0 0 0 0 0 0 0 0 0 0 0 0 0 0 0 0 0 0 0 0 0 0 0 0 0 0 0 0 0 0 0 0 0 0 0 0 0 0 0 0 0 0 0 0 0 0 0 0 0 0 0 0 0 0 0 0 0 0 0 0 0 0 0 0 0 0 0 0 0 0 0 0 0 0 0 0 0 0 0 0 0 0 0 0 0 0 0 0 0 0 0 0 0 0 0 0 0 0 0 0 0 0 0 0 0 0 0 0 0 0 0 0 0 0 0 0 0 0 0 0 0 0 0 0 0 0 0 0 0 0 0 0 0 0 0 0 0 0 0 0 0 0 0 0 0 0 0 0 0 0 0 0 0 0 0 0 0 0 0 0 0 0 0 0 0 0 0 0 0 0 0 0 0 0 0 0 0 0 0 0 0 0 0 0 0 0 0 0 0 0 0 0 0 0 0 0 0 0 0 0 0 0 0 0 0 0 0 0 0 0 0 0 0 0 0 0 0 0 0 0 0 0 0 0 0 0 0 0 0 0 0 0 0 0 0 0 0 0 0 0 0 0 0 0 0 0 0 0 0 0 0 0 0 0 0 0 0 0 0 0 0 0 0 0 0 0 0 0 0 0 0 0 0 0 0 0 0 0 0 0 0 0 0 0 0 0 0 0 0 0 0 0 0 0 0 0 0 0 0 0 0 0 0 0 0 0 0 0 0 0 0 0 0 0 0 0 0 0 0 0 0 0 0 0 0 0 0 0 0 0 0 0 0 0 0 0 0 0 0 0 0 0 0 0 0 0 0 0 0 0 0 0 0 0 0 0 0 0 0 0 0 0 0 0 0 0 0 0 0 0 0 0 0 0 0 0 0 0 0 0 0 0 0 0 0 0 0 0 0 0 0 0 0 0 0 0 0 0 0 0 0 0 0 0 0 0 0 0 0 0 0 0 0 0 0 0 0 0 0 0 0 0 0 0 0 0 0 0 0 0 0 0 0 0 0 0 0 0 0 0 0 0 0 0 0 0 0 0 0 0 0 0 0 0 0 0 0 0 0 0 0 0 0 0 0 0 0 0 0 0 0 0 0 0 0 0 0 0 0 0 0 0 0 0 0 0 0 0 0 0 0 0 0 0 0 0 0 0 0 0 0 0 0 0 0 0 0 0 0 0 0 0 0 0 0 0 0 0 0 0 0 0 0 0 0 0 0 0 0 0 0 0 0 0 0 0 0 0 0 0 0 0 0 0 0 0 0 0 0 0 0 0 0 0 0 0 0 0 0 0 0 0 0 0 0 0 0 0 0 0 0 0 0 0 0 0 0 0 0 0 0 0 0 0 0 0 0 0 0 0 0 0 0 0 0 0 0 0 0 0 0 0 0 0 0 0 0 0 0 0 0 0 0 0 0 0 0 0 0 0 0 0 0 0 0 0 0 0 0 0 0 0 0 0 0 0 0 0 0 0 0 0 0 0 0 0 0 0 0 0 0 0 0 0 0 0 0 0 0 0 0 0 0 0 0 0 0 0 0 0 0 0 0 0 0 0 0 0 0 0 0 0 0 0 0 0 0 0 0 0 0 0 0 0 0 0 0 0 0 0 0 0 0 0 0 0 0 0 0 0 0 0 0 0 0 0 0 0 0 0 0 0 0 0 0 0 0 0 0 0 0 0 0 0 0 0 0 0 0 0 0 0 0 0 0 0 0 0 0 0 0 0 0 0 0 0 0 0 0 0 0 0 0 0 0 0 0 0 0 0 0 0 0 0 0 0 0 0 0 0 0 0 0 0 0 0 0 0 0 0 0 0 0 0 0 0 0 0 0 0 0 0 0 0 0 0 0 0 0 0 0 0 0 0 0 0 0 0 0 0 0 0 0 0 0 0 0 0 0 0 0 0 0 0 0 0 0 0 0 0 0 0 0 0 0 0 0 0 0 0 0 0 0 0 0 0 0 0 0 0 0 0 0 0 0 0 0 0 0 0 0 0 0 0 0 0 0 0 0 0 0 0 0 0 0 0 0 0 0 0 0 0 0 0 0 0 0 0 0 0 0 0 0 0 0 0 0 0 0 0 0 0 0 0 0 0 0 0 0 0 0 0 0 0 0 0 0 0 0 0 0 0 0 0 0 0 0 0 0 0 0 0 0 0 0 0 0 0 0 0 0 0 0 0 0 0 0 0 0 0 0 0 0 0 0 0 0 0 0 0 0 0 0 0 0 0 0 0 0 0 0 0 0 0 0 0 0 0 0 0 0 0 0 0 0 0 0 0 0 0 0 0 0 0 0 0 0 0 0 0 0 0 0 0 0 0 0 0 0 0 0 0 0 0 0 0 0 0 0 0 0 0 0 0 0 0 0 0 0 0 0 0 0 0 0 0 0 0 0 0 0 0 0 0 0 0 0 0 0 0 0 0 0 0 0 0 0 0 0 0 0 0 0 0 0 0 0 0 0 0 0 0 0 0 0 0 0 0 0 0 0 0 0 0 0 0 0 0 0 0 0 0 0 0 0 0 0 0 0 0 0 0 0 0 0 0 0 0 0 0 0 0 0 0 0 0 0 0 0 0 0 0 0 0 0 0 0 0 0 0 0 0 0 0 0 0 0 0 0 0 0 0 0 0 0 0 0 0 0 0 0 0 0 0 0 0 0 0 0 0 0 0 0 0 0 0 0 0 0 0 0 0 0 0 0 0 0 0 0 0 0 0 0 0 0 0 0 0 0 0 0 0 0 0 0 0 0 0 0 0 0 0 0 0 0 0 0 0 0 0 0 0 0 0 0 0 0 0 0 0 0 0 0 0 0 0 0 0 0 0 0 0 0 0 0 0 0 0 0 0 0 0 0 0 0 0 0 0 0 0 0 0 0 0 0 0 0 0 0 0 0 0 0 0 0 0 0 0 0 0 0 0 0 0 0 0 0 0 0 0 0 0 0 0 0 0 0 0 0 0 0 0 0 0 0 0 0 0 0 0 0 0 0 0 0 0 0 0 0 0 0 0 0 0 0 0 0 0 0 0 0 0 0 0 0 0 0 0 0 0 0 0 0 0 0 0 0 0 0 0 0 0 0 0 0 0 0 0 0 0 0 0 0 0 0 0 0 0 0 0 0 0 0 0 0 0 0 0 0 0 0 0 0 0 0 0 0 0 0 0 0 0 0 0 0 0 0 0 0 0 0 0 0 0 0 0 0 0 0 0 0 0 0 0 0 0 0 0 0 0 0 0 0 0 0 0 0 0 0 0 0 0 0 0 0 0 0 0 0 0 0 0 0 0 0 0 0 0 0 0 0 0 0 0 0 0 0 0 0 0 0 0 0 0 0 0 0 0 0 0 0 0 0 0 0 0 0 0 0 0 0 0 0 0 0 0 0 0 0 0 0 0 0 0 0 0 0 0 0 0 0 0 0 0 0 0 0 0 0 0 0 0 0 0 0 0 0 0 0 0 0 0 0 0 0 0 0 0 0 0 0 0 0 0 0 0 0 0 0 0 0 0 0 0 0 0 0 0 0 0 0 0 0 0 0 0 0 0 0 0 0 0 0 0 0 0 0 0 0 0 0 0 0 0 0 0 0 0 0 0 0 0 0 0 0 0 0 0 0 0 0 0 0 0 0 0 0 0 0 0 0 0 0 0 0 0 0 0 0 0 0 0 0 0 0 0 0 0 0 0 0 0 0 0 0 0 0 0 0 0 0 0 0 0 0 0 0 0 0 0 0 0 0 0 0 0 0 0 0 0 0 0 0 0 0 0 0 0 0 0 0 0 0 0 0 0 0 0 0 0 0 0 0 0 0 0 0 0 0 0 0 0 0 0 0 0 0 0 0 0 0 0 0 0 0 0 0 0 0 0 0 0 0 0 0 0 0 0 0 0 0 0 0 0 0 0 0 0 0 0 0 0 0 0 0 0 0 0 0 0 0 0 0 0 0 0 0 0 0 0 0 0 0 0 0 0 0 0 0 0 0 0 0 0 0 0 0 0 0 0 0 0 0 0 0 0 0 0 0 0 0 0 0 0 0 0 0 0 0 0 0 0 0 0 0 0 0 0 0 0 0 0 0 0 0 0 0 0 0 0 0 0 0 0 0 0 0 0 0 0 0 0 0 0 0 0 0 0 0 0 0 0 0 0 0 0 0 0 0 0 0 0 0 0 0 0 0 0 0 0 0 0 0 0 0 0 0 0 0 0 0 0 0 0 0 0 0 0 0 0 0 0 0 0 0 0 0 0 0 0 0 0 0 0 0 0 0 0 0 0 0 0 0 0 0 0 0 0 0 0 0 0 0 0 0 0 0 0 0 0 0 0 0 0 0 0 0 0 0 0 0 0 0 0 0 0 0 0 0 0 0 0 0 0 0 0 0 0 0 0 0 0 0 0 0 0 0 0 0 0 0 0 0 0 0 0 0 0 0 0 0 0 0 0 0 0 0 0 0 0 0 0 0 0 0 0 0 0 0 0 0 0 0 0 0 0 0 0 0 0 0 0 0 0 0 0 0 0 0 0 0 0 0 0 0 0 0 0 0 0 0 0 0 0 0 0 0 0 0 0 0 0 0 0 0 0 0 0 0 0 0 0 0 0 0 0 0 0 0 0 0 0 0 0 0 0 0 0 0 0 0 0 0 0 0 0 0 0 0 0 0 0 0 0 0 0 0 0 0 0 0 0 0 0 0 0 0 0 0 0 0 0 0 0 0 0 0 0 0 0 0 0 0 0 0 0 0 0 0 0 0 0 0 0 0 0 0 0 0 0 0 0 0 0 0 0 0 0 0 0 0 0 0 0 0 0 0 0 0 0 0 0 0 0 0 0 0 0 0 0 0 0 0 0 0 0 0 0 0 0 0 0 0 0 0 0 0 0 0 0 0 0 0 0 0 0 0 0 0 0 0 0 0 0 0 0 0 0 0 0 0 0 0 0 0 0 0 0 0 0 0 0 0 0 0 0 0 0 0 0 0 0 0 0 0 0 0 0 0 0 0 0 0 0 0 0 0 0 0 0 0 0 0 0 0 0 0 0 0 0 0 0 0 0 0 0 0 0 0 0 0 0 0 0 0 0 0 0 0 0 0 0 0 0 0 0 0 0 0 0 0 0 0 0 0 0 0 0 0 0 0 0 0 0 0 0 0 0 0 0 0 0 0 0 0 0 0 0 0 0 0 0 0 0 0 0 0 0 0 0 0 0 0 0 0 0 0 0 0 0 0 0 0 0 0 0 0 0 0 0 0 0 0 0 0 0 0 0 0 0 0 0 0 0 0 0 0 0 0 0 0 0 0 0 0 0 0 0 0 0 0 0 0 0 0 0 0 0 0 0 0 0 0 0 0 0 0 0 0 0 0 0 0 0 0 0 0 0 0 0 0 0 0 0 0 0 0 0 0 0 0 0 0 0 0 0 0 0 0 0 0 0 0 0 0 0 0 0 0 0 0 0 0 0 0 0 0 0 0 0 0 0 0 0 0 0 0 0 0 0 0 0 0 0 0 0 0 0 0 0 0 0 0 0 0 0 0 0 0 0 0 0 0 0 0 0 0 0 0 0 0 0 0 0 0 0 0 0 0 0 0 0 0 0 0 0 0 0 0 0 0 0 0 0 0 0 0 0 0 0 0 0 0 0 0 0 0 0 0 0 0 0 0 0 0 0 0 0 0 0 0 0 0 0 0 0 0 0 0 0 0 0 0 0 0 0 0 0 0 0 0 0 0 0 0 0 0 0 0 0 0 0 0 0 0 0 0 0 0 0 0 0 0 0 0 0 0 0 0 0 0 0 0 0 0 0 0 0 0 0 0 0 0 0 0 0 0 0 0 0 0 0 0 0 0 0 0 0 0 0 0 0 0 0 0 0 0 0 0 0 0 0 0 0 0 0 0 0 0 0 0 0 0 0 0 0 0 0 0 0 0 0 0 0 0 0 0 0 0 0 0 0 0 0 0 0 0 0 0 0 0 0 0 0 0 0 0 0 0 0 0 0 0 0 0 0 0 0 0 0 0 0 0 0 0 0 0 0 0 0 0 0 0 0 0 0 0 0 0 0 0 0 0 0 0 0 0 0 0 0 0 0 0 0 0 0 0 0 0 0 0 0 0 0 0 0 0 0 0 0 0 0 0 0 0 0 0 0 0 0 0 0 0 0 0 0 0 0 0 0 0 0 0 0 0 0 0 0 0 0 0 0 0 0 0 0 0 0 0 0 0 0 0 0 0 0 0 0 0 0 0 0 0 0 0 0 0 0 0 0 0 0 0 0 0 0 0 0 0 0 0 0 0 0 0 0 0 0 0 0 0 0 0 0 0 0 0 0 0 0 0 0 0 0 0 0 0 0 0 0 0 0 0 0 0 0 0 0 0 0 0 0 0 0 0 0 0 0 0 0 0 0 0 0 0 0 0 0 0 0 0 0 0 0 0 0 0 0 0 0 0 0 0 0 0 0 0 0 0 0 0 0 0 0 0 0 0 0 0 0 0 0 0 0 0 0 0 0 0 0 0 0 0 0 0 0 0 0 0 0 0 0 0 0 0 0 0 0 0 0 0 0 0 0 0 0 0 0 0 0 0 0 0 0 0 0 0 0 0 0 0 0 0 0 0 0 0 0 0 0 0 0 0 0 0 0 0 0 0 0 0 0 0 0 0 0 0 0 0 0 0 0 0 0 0 0 0 0 0 0 0 0 0 0 0 0 0 0 0 0 0 0 0 0 0 0 0 0 0 0 0 0 0 0 0 0 0 0 0 0 0 0 0 0 0 0 0 0 0 0 0 0 0 0 0 0 0 0 0 0 0 0 0 0 0 0 0 0 0 0 0 0 0 0 0 0 0 0 0 0 0 0 0 0 0 0 0 0 0 0 0 0 0 0 0 0 0 0 0 0 0 0 0 0 0 0 0 0 0 0 0 0 0 0 0 0 0 0 0 0 0 0 0 0 0 0 0 0 0 0 0 0 0 0 0 0 0 0 0 0 0 0 0 0 0 0 0 0 0 0 0 0 0 0 0 0 0 0 0 0 0 0 0 0 0 0 0 0 0 0 0 0 0 0 0 0 0 0 0 0 0 0 0 0 0 0 0 0 0 0 0 0 0 0 0 0 0 0 0 0 0 0 0 0 0 0 0 0 0 0 0 0 0 0 0 0 0 0 0 0 0 0 0 0 0 0 0 0 0 0 0 0 0 0 0 0 0 0 0 0 0 0 0 0 0 0 0 0 0 0 0 0 0 0 0 0 0 0 0 0 0 0 0 0 0 0 0 0 0 0 0 0 0 0 0 0 0 0 0 0 0 0 0 0 0 0 0 0 0 0 0 0 0 0 0 0 0 0 0 0 0 0 0 0 0 0 0 0 0 0 0 0 0 0 0 0 0 0 0 0 0 0 0 0 0 0 0 0 0 0 0 0 0 0 0 0 0 0 0 0 0 0 0 0 0 0 0 0 0 0 0 0 0 0 0 0 0 0 0 0 0 0 0 0 0 0 0 0 0 0 0 0 0 0 0 0 0 0 0 0 0 0 0 0 0 0 0 0 0 0 0 0 0 0 0 0 0 0 0 0 0 0 0 0 0 0 0 0 0 0 0 0 0 0 0 0 0 0 0 0 0 0 0 0 0 0 0 0 0 0 0 0 0 0 0 0 0 0 0 0 0 0 0 0 0 0 0 0 0 0 0 0 0 0 0 0 0 0 0 0 0 0 0 0 0 0 0 0 0 0 0 0 0 0 0 0 0 0 0 0 0 0 0 0 0 0 0 0 0 0 0 0 0 0 0 0 0 0 0 0 0 0 0 0 0 0 0 0 0 0 0 0 0 0 0 0 0 0 0 0 0 0 0 0 0 0 0 0 0 0 0 0 0 0 0 0 0 0 0 0 0 0 0 0 0 0 0 0 0 0 0 0 0 0 0 0 0 0 0 0 0 0 0 0 0 0 0 0 0 0 0 0 0 0 0 0 0 0 0 0 0 0 0 0 0 0 0 0 0 0 0 0 0 0 0 0 0 0 0 0 0 0 0 0 0 0 0 0 0 0 0 0 0 0 0 0 0 0 0 0 0 0 0 0 0 0 0 0 0 0 0 0 0 0 0 0 0 0 0 0 0 0 0 0 0 0 0 0 0 0 0 0 0 0 0 0 0 0 0 0 0 0 0 0 0 0 0 0 0 0 0 0 0 0 0 0 0 0 0 0 0 0 0 0 0 0 0 0 0 0 0 0 0 0 0 0 0 0 0 0 0 0 0 0 0 0 0 0 0 0 0 0 0 0 0 0 0 0 0 0 0 0 0 0 0 0 0 0 0 0 0 0 0 0 0 0 0 0 0 0 0 0 0 0 0 0 0 0 0 0 0 0 0 0 0 0 0 0 0 0 0 0 0 0 0 0 0 0 0 0 0 0 0 0 0 0 0 0 0 0 0 0 0 0 0 0 0 0 0 0 0 0 0 0 0 0 0 0 0 0 0 0 0 0 0 0 0 0 0 0 0 0 0 0 0 0 0 0 0 0 0 0 0 0 0 0 0 0 0 0 0 0 0 0 0 0 0 0 0 0 0 0 0 0 0 0 0 0 0 0 0 0 0 0 0 0 0 0 0 0 0 0 0 0 0 0 0 0 0 0 0 0 0 0 0 0 0 0 0 0 0 0 0 0 0 0 0 0 0 0 0 0 0 0 0 0 0 0 0 0 0 0 0 0 0 0 0 0 0 0 0 0 0 0 0 0 0 0 0 0 0 0 0 0 0 0 0 0 0 0 0 0 0 0 0 0 0 0 0 0 0 0 0 0 0 0 0 0 0 0 0 0 0 0 0 0 0 0 0 0 0 0 0 0 0 0 0 0 0 0 0 0 0 0 0 0 0 0 0 0 0 0 0 0 0 0 0 0 0 0 0 0 0 0 0 0 0 0 0 0 0 0 0 0 0 0 0 0 0 0 0 0 0 0 0 0 0 0 0 0 0 0 0 0 0 0 0 0 0 0 0 0 0 0 0 0 0 0 0 0 0 0 0 0 0 0 0 0 0 0 0 0 0 0 0 0 0 0 0 0 0 0 0 0 0 0 0 0 0 0 0 0 0 0 0 0 0 0 0 0 0 0 0 0 0 0 0 0 0 0 0 0 0 0 0 0 0 0 0 0 0 0 0 0 0 0 0 0 0 0 0 0 0 0 0 0 0 0 0 0 0 0 0 0 0 0 0 0 0 0 0 0 0 0 0 0 0 0 0 0 0 0 0 0 0 0 0 0 0 0 0 0 0 0 0 0 0 0 0 0 0 0 0 0 0 0 0 0 0 0 0 0 0 0 0 0 0 0 0 0 0 0 0 0 0 0 0 0 0 0 0 0 0 0 0 0 0 0 0 0 0 0 0 0 0 0 0 0 0 0 0 0 0 0 0 0 0 0 0 0 0 0 0 0 0 0 0 0 0 0 0 0 0 0 0 0 0 0 0 0 0 0 0 0 0 0 0 0 0 0 0 0 0 0 0 0 0 0 0 0 0 0 0 0 0 0 0 0 0 0 0 0 0 0 0 0 0 0 0 0 0 0 0 0 0 0 0 0 0 0 0 0 0 0 0 0 0 0 0 0 0 0 0 0 0 0 0 0 0 0 0 0 0 0 0 0 0 0 0 0 0 0 0 0 0 0 0 0 0 0 0 0 0 0 0 0 0 0 0 0 0 0 0 0 0 0 0 0 0 0 0 0 0 0 0 0 0 0 0 0 0 0 0 0 0 0 0 0 0 0 0 0 0 0 0 0 0 0 0 0 0 0 0 0 0 0 0 0 0 0 0 0 0 0 0 0 0 0 0 0 0 0 0 0 0 0 0 0 0 0 0 0 0 0 0 0 0 0 0 0 0 0 0 0 0 0 0 0 0 0 0 0 0 0 0 0 0 0 0 0 0 0 0 0 0 0 0 0 0 0 0 0 0 0 0 0 0 0 0 0 0 0 0 0 0 0 0 0 0 0 0 0 0 0 0 0 0 0 0 0 0 0 0 0 0 0 0 0 0 0 0 0 0 0 0 0 0 0 0 0 0 0 0 0 0 0 0 0 0 0 0 0 0 0 0 0 0 0 0 0 0 0 0 0 0 0 0 0 0 0 0 0 0 0 0 0 0 0 0 0 0 0 0 0 0 0 0 0 0 0 0 0 0 0 0 0 0 0 0 0 0 0 0 0 0 0 0 0 0 0 0 0 0 0 0 0 0 0 0 0 0 0 0 0 0 0 0 0 0 0 0 0 0 0 0 0 0 0 0 0 0 0 0 0 0 0 0 0 0 0 0 0 0 0 0 0 0 0 0 0 0 0 0 0 0 0 0 0 0 0 0 0 0 0 0 0 0 0 0 0 0 0 0 0 0 0 0 0 0 0 0 0 0 0 0 0 0 0 0 0 0 0 0 0 0 0 0 0 0 0 0 0 0 0 0 0 0 0 0 0 0 0 0 0 0 0 0 0 0 0 0 0 0 0 0 0 0 0 0 0 0 0 0 0 0 0 0 0 0 0 0 0 0 0 0 0 0 0 0 0 0 0 0 0 0 0 0 0 0 0 0 0 0 0 0 0 0 0 0 0 0 0 0 0 0 0 0 0 0 0 0 0 0 0 0 0 0 0 0 0 0 0 0 0 0 0 0 0 0 0 0 0 0 0 0 0 0 0 0 0 0 0 0 0 0 0 0 0 0 0 0 0 0 0 0 0 0 0 0 0 0 0 0 0 0 0 0 0 0 0 0 0 0 0 0 0 0 0 0 0 0 0 0 0 0 0 0 0 0 0 0 0 0 0 0 0 0 0 0 0 0 0 0 0 0 0 0 0 0 0 0 0 0 0 0 0 0 0 0 0 0 0 0 0 0 0 0 0 0 0 0 0 0 0 0 0 0 0 0 0 0 0 0 0 0 0 0 0 0 0 0 0 0 0 0 0 0 0 0 0 0 0 0 0 0 0 0 0 0 0 0 0 0 0 0 0 0 0 0 0 0 0 0 0 0 0 0 0 0 0 0 0 0 0 0 0 0 0 0 0 0 0 0 0 0 0 0 0 0 0 0 0 0 0 0 0 0 0 0 0 0 0 0 0 0 0 0 0 0 0 0 0 0 0 0 0 0 0 0 0 0 0 0 0 0 0 0 0 0 0 0 0 0 0 0 0 0 0 0 0 0 0 0 0 0 0 0 0 0 0 0 0 0 0 0 0 0 0 0 0 0 0 0 0 0 0 0 0 0 0 0 0 0 0 0 0 0 0 0 0 0 0 0 0 0 0 0 0 0 0 0 0 0 0 0 0 0 0 0 0 0 0 0 0 0 0 0 0 0 0 0 0 0 0 0 0 0 0 0 0 0 0 0 0 0 0 0 0 0 0 0 0 0 0 0 0 0 0 0 0 0 0 0 0 0 0 0 0 0 0 0 0 0 0 0 0 0 0 0 0 0 0 0 0 0 0 0 0 0 0 0 0 0 0 0 0 0 0 0 0 0 0 0 0 0 0 0 0 0 0 0 0 0 0 0 0 0 0 0 0 0 0 0 0 0 0 0 0 0 0 0 0 0 0 0 0 0 0 0 0 0 0 0 0 0 0 0 0 0 0 0 0 0 0 0 0 0 0 0 0 0 0 0 0 0 0 0 0 0 0 0 0 0 0 0 0 0 0 0 0 0 0 0 0 0 0 0 0 0 0 0 0 0 0 0 0 0 0 0 0 0 0 0 0 0 0 0 0 0 0 0 0 0 0 0 0 0 0 0 0 0 0 0 0 0 0 0 0 0 0 0 0 0</float_array>
          <technique_common>
            <accessor source="#GeometrySource-array" count="2808" stride="3">
              <param name="X" type="float"/>
              <param name="Y" type="float"/>
              <param name="Z" type="float"/>
            </accessor>
          </technique_common>
        </source>
        <source id="GeometrySource1" name="mesh0Nrm">
          <float_array id="GeometrySource1-array" count="8424">0.405024 -0.891671 -0.202186 -0.698049 -0.698077 -0.159427 0.391447 -0.8852 0.251375 -0.159033 -0.85736 -0.489532 0.239788 -0.859618 -0.451175 0.175313 -0.914825 -0.363814 0.074706 -0.996097 0.047002 0.022407 -0.999247 0.031661 -0.035827 -0.934244 0.354831 -0.079407 -0.989061 0.124307 -0.094861 -0.905222 0.414217 -0.730601 -0.667798 -0.142366 0.025798 -0.818952 0.573282 -0.386378 -0.362074 0.848301 0.037411 -0.998875 0.029122 -0.048325 -0.981479 -0.185372 0.417409 -0.782636 0.461791 0.050742 -0.928454 -0.367966 0.415559 -0.803019 -0.427167 -0.307747 0.32865 -0.892906 -0.098436 0.448832 -0.888178 0.042389 0.341418 -0.938955 -0.11944 0.625203 -0.771269 0.05143 -0.644068 -0.763237 0.053715 0.732327 -0.678832 -0.052812 0.679027 -0.732211 0.039638 0.934795 -0.352969 -0.065135 0.958001 -0.279269 0.022407 0.999247 0.031665 -0.079406 0.989061 0.12431 -0.035826 0.934242 0.354835 -0.065136 -0.958 -0.279274 0.039639 -0.934792 -0.352976 -0.052811 -0.679023 -0.732215 0.053714 -0.732326 -0.678833 0.042388 -0.341414 -0.938957 -0.119444 -0.625205 -0.771267 0.051432 0.644071 -0.763235 -0.017525 0.481893 0.876055 -0.014036 0.893536 0.448772 0.036892 0.000051 0.999319 -0.084099 0.564383 0.821218 -0.030613 0.778648 0.626713 -0.066861 0.781892 0.619818 -0.094861 0.90522 0.41422 -0.014036 -0.893539 0.448767 -0.017572 -0.481847 0.876079 -0.0841 -0.564386 0.821216 -0.194919 -0.000001 0.980819 -0.097677 -0.684983 0.721981 -0.074231 -0.617659 0.782935 -0.101956 -0.886449 0.451456 0.182542 -0.981352 -0.060218 0.377145 -0.549053 -0.745857 0.177835 -0.47272 -0.863082 -0.0307 -0.77862 0.626744 -0.066861 -0.781894 0.619815 -0.844923 -0.34701 -0.40705 -0.739934 0.158821 -0.653662 0.177767 0.472722 -0.863095 0.377142 0.549057 -0.745856 -0.159653 0.857112 -0.489765 0.204212 0.000001 -0.978927 0.196332 -0.000026 -0.980537 0.504185 -0.652601 0.565605 0.565863 -0.719866 -0.401984 0.239788 -0.859618 -0.451175 -0.097678 0.684981 0.721983 0.182541 0.981352 -0.060216 0.175312 0.914827 -0.363809 0.051417 0.000002 -0.998677 -0.055792 0.2993 -0.952527 -0.006925 0.964212 0.265042 0.074706 0.996097 0.047005 -0.159298 0.779259 0.606118 0.239783 0.859618 -0.451177 0.405025 0.891671 -0.202184 -0.055793 -0.299296 -0.952528 -0.054733 0.000001 -0.998501 -0.336438 0.759152 0.557223 -0.730601 -0.667798 -0.142366 -0.386378 -0.362074 0.848301 -0.844923 -0.34701 -0.40705 -0.739934 0.158821 -0.653662 -0.014036 -0.893539 0.448767 -0.973523 0.000003 -0.228589 -0.194919 -0.000001 0.980819 -0.57308 -0.000001 0.8195 0.330416 -0.000000 0.943835 -0.074231 0.617656 0.782938 -0.101956 0.886448 0.451459 0.182542 -0.981352 -0.060218 0.945609 -0.077496 -0.315938 0.377145 -0.549053 -0.745857 0.646918 -0.233628 -0.725889 -0.516071 -0.336899 -0.787508 0.05143 -0.644068 -0.763237 0.945609 0.077496 -0.315938 0.377142 0.549057 -0.745856 0.646917 0.233628 -0.72589 -0.516071 0.336907 -0.787506 0.617024 -0.000000 0.786944 0.516319 -0.000004 0.856396 0.036892 0.000051 0.999319 0.051432 0.644071 -0.763235 -0.926722 -0.123707 0.354801 -0.119444 -0.625205 -0.771267 -0.516071 -0.336899 -0.787508 0.646918 -0.233628 -0.725889 -0.307747 0.32865 -0.892906 -0.140472 0.573331 0.807192 0.025798 -0.818952 0.573282 -0.336438 0.759152 0.557223 -0.386378 -0.362074 0.848301 0.417409 -0.782636 0.461791 0.330416 -0.000000 0.943835 -0.014036 0.893536 0.448772 -0.57308 -0.000001 0.8195 0.617024 -0.000000 0.786944 -0.973523 0.000003 -0.228589 -0.194919 -0.000001 0.980819 -0.516071 0.336907 -0.787506 0.182541 0.981352 -0.060216 0.646917 0.233628 -0.72589 -0.926722 0.123703 0.354802 -0.006996 -0.964225 0.264992 0.945609 0.077496 -0.315938 0.377142 0.549057 -0.745856 -0.70256 0.694117 -0.156877 0.392464 0.884643 0.251751 -0.926722 0.123703 0.354802 -0.11944 0.625203 -0.771269 0.945609 -0.077496 -0.315938 0.377145 -0.549053 -0.745857 -0.926722 -0.123707 0.354801 -0.119444 -0.625205 -0.771267 -0.098436 0.448832 -0.888178 -0.159057 -0.779094 0.606394 0.405024 -0.891671 -0.202186 0.391447 -0.8852 0.251375 -0.159057 -0.779094 0.606394 -0.159057 -0.779094 0.606394 0.504185 -0.652601 0.565605 0.391447 -0.8852 0.251375 -0.140472 0.573331 0.807192 0.516319 -0.000004 0.856396 0.239788 -0.859618 -0.451175 -0.11944 0.625203 -0.771269 0.025803 0.818951 0.573283 -0.730591 0.66781 -0.142361 -0.386375 0.362075 0.848302 0.037419 0.998875 0.029125 0.417411 0.782634 0.461792 -0.048318 0.981481 -0.185366 0.050745 0.928456 -0.367961 -0.84492 0.34702 -0.407048 -0.739934 -0.158815 -0.653663 -0.035746 0.437316 -0.898597 0.177767 0.472722 -0.863095 -0.159653 0.857112 -0.489765 0.196332 -0.000026 -0.980537 0.095565 0.000048 -0.995423 -0.035592 -0.438618 -0.897968 0.091116 -0.504404 -0.858647 0.074396 -0.877613 -0.473561 0.057534 -0.882714 -0.466376 -0.336439 -0.759153 0.55722 0.025803 0.818951 0.573283 -0.386375 0.362075 0.848302 0.417411 0.782634 0.461792 -0.140471 -0.573333 0.807191 0.504184 0.652595 0.565613 -0.159298 0.779259 0.606118 0.392464 0.884643 0.251751 0.048692 0.000245 -0.998814 0.039045 -0.395756 -0.917525 0.039189 0.396139 -0.917354 0.091381 0.504776 -0.8584 0.057347 0.882541 -0.466726 0.074819 0.877182 -0.474293 -0.307748 -0.328645 -0.892907 0.415559 0.80302 -0.427164 0.504184 0.652595 0.565613 -0.09844 -0.448832 -0.888178 0.565863 0.719865 -0.401987 0.392464 0.884643 0.251751 -0.736474 -0.465361 -0.490963 -0.159033 -0.85736 -0.489532 -0.035592 -0.438618 -0.897968 -0.698049 -0.698077 -0.159427 -0.619746 -0.780061 -0.086141 -0.075663 -0.952099 0.296282 0.239783 0.859618 -0.451177 0.405025 0.891671 -0.202184 -0.075663 -0.952099 0.296282 -0.000455 0.441986 0.897022 0.013372 0.000162 0.999911 0.012815 0.746066 0.665748 -0.730591 0.66781 -0.142361 -0.336439 -0.759153 0.55722 -0.386375 0.362075 0.848302 -0.84492 0.34702 -0.407048 -0.739934 -0.158815 -0.653663 -0.307748 -0.328645 -0.892907 -0.140471 -0.573333 0.807191 -0.09844 -0.448832 -0.888178 -0.159298 0.779259 0.606118 0.239783 0.859618 -0.451177 0.177835 -0.47272 -0.863082 -0.159033 -0.85736 -0.489532 0.01339 -0.745886 0.665939 -0.00008 -0.44175 0.897138 -0.159653 0.857112 -0.489765 -0.741668 0.457572 -0.490466 -0.035746 0.437316 -0.898597 -0.70256 0.694117 -0.156877 -0.620827 0.779183 -0.086303 -0.07468 0.952004 0.296835 -0.07468 0.952004 0.296835 0.065529 0.995352 -0.070569 0.089354 0.992302 -0.085751 0.075768 0.982245 0.171624 0.040054 0.937408 0.345923 0.038102 0.863304 0.503244 0.023244 0.725355 0.687982 0.069426 0.649672 0.757038 0.036934 0.404905 0.913613 0.088562 0.367881 0.925646 0.039915 0.000022 0.999203 0.085328 -0.000214 0.996353 0.088652 -0.368161 0.925526 0.040651 -0.937298 0.34615 -0.075663 -0.952099 0.296282 -0.619746 -0.780061 -0.086141 0.01339 -0.745886 0.665939 0.023606 -0.725329 0.687997 -0.00008 -0.44175 0.897138 0.037149 -0.404778 0.91366 0.013372 0.000162 0.999911 0.349229 0.871921 0.34321 0.038008 0.999234 -0.009269 0.18889 0.90163 0.38908 0.066034 0.996827 -0.044445 0.198621 0.906275 0.373116 0.431263 0.780194 -0.453112 0.456079 0.867977 -0.196489 -0.741668 0.457572 -0.490466 -0.620827 0.779183 -0.086303 -0.07468 0.952004 0.296835 0.012815 0.746066 0.665748 0.069516 -0.64994 0.756799 0.038154 -0.863531 0.502851 0.065398 -0.995465 -0.069082 -0.736474 -0.465361 -0.490963 0.075583 -0.982229 0.171794 0.333965 0.585392 0.738771 0.235623 0.706466 0.667374 0.164153 0.704349 0.690613 0.28271 0.682209 0.674289 0.29741 0.742795 0.599835 -0.000455 0.441986 0.897022 0.038958 -0.99921 -0.007819 0.067452 -0.996777 -0.043417 0.189031 -0.90092 0.390654 -0.049826 -0.968122 -0.245473 0.030406 -0.72707 -0.68589 0.080018 -0.242886 -0.966749 0.069878 0.000244 -0.997556 0.080019 0.243361 -0.966629 0.092608 0.000245 -0.995703 0.135419 0.28956 -0.947532 0.043279 0.000246 -0.999063 0.077688 0.355969 -0.931263 0.027481 0.233387 -0.971996 0.540255 0.508443 -0.67053 0.173533 0.000242 -0.984828 0.682619 0.000179 -0.730774 0.540256 -0.508114 -0.670778 0.989813 0.000034 -0.142371 0.842283 -0.51824 0.14828 0.694964 -0.000177 0.719045 0.446429 -0.181095 0.876302 0.135418 -0.289093 -0.947675 0.101599 -0.653769 -0.749842 0.07769 -0.355512 -0.931437 0.400043 -0.78721 -0.469326 0.655767 -0.734549 0.17438 0.432478 -0.779346 -0.453413 0.267465 -0.943691 -0.194704 0.673749 -0.69149 -0.260582 0.199818 -0.905903 0.373381 0.235878 -0.70534 0.668474 0.33392 -0.584919 0.739167 0.164551 -0.704275 0.690593 0.027484 -0.23291 -0.97211 0.10142 0.65337 -0.750214 0.030449 0.726913 -0.686054 0.399994 0.787189 -0.469402 0.655774 0.734455 0.174747 0.842283 0.518166 0.148538 0.476021 -0.846996 0.236649 0.268994 -0.93452 -0.233055 0.020876 -0.944425 -0.328064 0.283391 -0.682121 0.674093 0.298585 -0.742188 0.600004 0.457202 -0.867194 -0.197335 0.349828 -0.871406 0.343908 0.089075 -0.992445 -0.084367 0.648734 -0.310561 0.694763 0.408294 -0.116089 0.905439 0.636819 -0.322055 0.70053 0.553572 -0.235717 0.798746 0.768479 -0.000156 0.639875 0.674778 -0.000182 0.73802 0.553569 0.235321 0.798865 0.517787 -0.287331 0.805815 0.673749 -0.69149 -0.260582 0.446427 0.180662 0.876393 0.517922 0.287712 0.805592 -0.204773 -0.297092 0.932633 0.40822 0.116005 0.905483 0.006221 -0.517188 0.855849 0.553569 0.235321 0.798865 -0.229741 -0.000238 0.973252 0.674778 -0.000182 0.73802 0.446427 0.180662 0.876393 0.768479 -0.000156 0.639875 0.694964 -0.000177 0.719045 0.648737 0.310222 0.694912 0.636792 0.321887 0.700632 0.408294 -0.116089 0.905439 -0.20477 0.296632 0.93278 0.006766 0.517478 0.85567 0.553572 -0.235717 0.798746 -0.20477 0.296632 0.93278 0.302457 -0.000067 0.953163 0.006766 0.517478 0.85567 -0.229741 -0.000238 0.973252 0.648734 -0.310561 0.694763 0.636819 -0.322055 0.70053 0.446429 -0.181095 0.876302 0.40822 0.116005 0.905483 0.648737 0.310222 0.694912 0.636792 0.321887 0.700632 -0.204773 -0.297092 0.932633 0.006221 -0.517188 0.855849 0.698662 -0.642246 0.315265 0.451733 -0.822039 0.346683 0.146232 -0.570737 0.808007 0.183693 -0.341221 0.92186 0.217795 -0.000164 0.975995 0.183456 0.340896 0.922027 0.357772 0.281613 0.890333 0.337415 0.550653 0.7635 0.523131 0.348023 0.777955 0.459277 0.70268 0.54342 0.652836 0.479784 0.586184 0.490603 0.765878 0.41562 0.481873 0.593313 0.644809 0.314591 0.530335 0.787259 0.598459 0.785445 -0.157867 0.359199 0.161734 -0.91914 0.673209 0.691415 -0.262172 0.267128 0.943375 -0.196689 0.391632 -0.829225 0.398759 0.337796 -0.550794 0.76323 0.295589 -0.932164 0.209038 0.459761 -0.702631 0.543074 0.248622 -0.899405 0.359525 0.491131 -0.765745 0.415241 0.482283 -0.593297 0.644517 0.314958 -0.530504 0.786999 0.493231 -0.364695 0.78976 0.582405 -0.420564 0.695651 0.519048 -0.000031 0.854745 0.661356 0.000043 0.750072 0.582116 0.420623 0.695857 0.981442 0.000291 0.191761 0.853801 0.484405 -0.190723 0.584508 0.000401 -0.811388 0.309541 0.169077 -0.935733 0.145839 0.570441 0.808287 0.391059 0.8293 0.399167 0.294945 0.932265 0.209498 0.366892 0.849978 -0.378057 -0.068889 0.977437 -0.199677 0.400665 0.844352 0.35572 -0.127112 0.945352 0.300254 -0.130729 0.525501 0.840689 0.153392 0.236311 0.959493 0.672678 0.204043 0.711246 0.698218 0.642572 0.315582 -0.126459 -0.945587 0.299791 -0.068215 -0.977386 -0.200159 0.367479 -0.849537 -0.378479 0.401248 -0.84425 0.355306 0.884591 -0.428846 -0.183273 0.93697 -0.196249 0.289092 0.698662 -0.642246 0.315265 0.67282 -0.203928 0.711145 0.400589 0.219941 -0.889469 0.10524 -0.129295 -0.986006 0.908562 -0.408076 -0.089382 0.249172 0.242551 -0.937594 0.520017 0.47333 -0.711014 0.555748 0.401188 -0.728143 0.566912 0.177133 -0.804509 0.49745 0.000383 -0.867493 0.271147 0.00033 -0.962538 0.567033 -0.176348 -0.804596 0.653168 -0.479622 0.585947 0.715919 0.000076 0.698183 0.492981 0.364647 0.789938 0.357967 -0.281804 0.890195 0.52337 -0.348044 0.777785 0.521164 -0.000029 0.853456 0.908562 -0.408076 -0.089382 0.673209 0.691415 -0.262172 0.476408 0.847154 0.235297 0.269017 0.934183 -0.234376 0.020648 0.943768 -0.329964 0.10524 -0.129295 -0.986006 0.014245 -0.500654 -0.86553 0.908562 -0.408076 -0.089382 -0.162398 -0.417235 -0.894171 0.249172 0.242551 -0.937594 -0.255986 -0.26341 -0.9301 0.555748 0.401188 -0.728143 0.49745 0.000383 -0.867493 0.451166 0.822179 0.347088 0.884295 0.429547 -0.183061 0.936834 0.196754 0.289188 -0.050405 0.967682 -0.247085 0.36224 -0.000105 0.932085 0.567033 -0.176348 -0.804596 0.131246 0.083556 -0.987822 0.520346 -0.472624 -0.711243 0.309656 -0.168404 -0.935817 0.271147 0.00033 -0.962538 0.584508 0.000401 -0.811388 0.309541 0.169077 -0.935733 0.854135 -0.483723 -0.19096 0.599001 -0.784954 -0.158254 0.309656 -0.168404 -0.935817 0.131246 0.083556 -0.987822 0.908562 -0.408076 -0.089382 0.400589 0.219941 -0.889469 0.1313 -0.082985 -0.987863 0.520017 0.47333 -0.711014 0.566912 0.177133 -0.804509 0.358769 -0.161135 -0.919413 0.153555 -0.236677 0.959377 -0.130365 -0.526005 0.840431 -0.256165 0.263688 -0.929972 0.556027 -0.400448 -0.728338 0.249344 -0.241921 -0.937711 -0.197608 0.000172 -0.980281 0.248003 0.899399 0.359968 0.908066 0.408934 -0.090492 0.992919 0.000137 0.118791 0.908562 -0.408076 -0.089382 0.451166 0.822179 0.347088 0.251622 0.000146 -0.967826 0.908562 -0.408076 -0.089382 0.014245 -0.500654 -0.86553 0.992919 0.000137 0.118791 0.908066 0.408934 -0.090492 0.012975 0.500166 -0.865832 -0.162684 0.417561 -0.893967 -0.256165 0.263688 -0.929972 -0.197608 0.000172 -0.980281 -0.255986 -0.26341 -0.9301 -0.162398 -0.417235 -0.894171 0.105202 0.129363 -0.986001 0.400541 -0.219059 -0.889708 0.908066 0.408934 -0.090492 0.249344 -0.241921 -0.937711 0.451733 -0.822039 0.346683 0.908066 0.408934 -0.090492 0.556027 -0.400448 -0.728338 0.520346 -0.472624 -0.711243 0.698218 0.642572 0.315582 -0.162684 0.417561 -0.893967 0.105202 0.129363 -0.986001 0.908066 0.408934 -0.090492 0.400541 -0.219059 -0.889708 0.1313 -0.082985 -0.987863 0.012975 0.500166 -0.865832 0.908066 0.408934 -0.090492 0.908066 0.408934 -0.090492 0.908066 0.408934 -0.090492 0.908562 -0.408076 -0.089382 0.908562 -0.408076 -0.089382 -0.05936 -0.998207 -0.007647 -0.117882 -0.992754 -0.023323 -0.018674 -0.776387 0.629979 -0.071526 -0.715658 -0.694779 0.103446 0.000000 -0.994635 0.015494 0 -0.99988 -0.071526 0.715659 -0.694778 0.147036 -0.000000 0.989131 0.122925 0.000001 0.992416 0.11173 -0.000001 0.993739 -0.280487 -0.000001 0.959858 -0.018674 0.776386 0.629981 0.147036 -0.000000 0.989131 0.122925 0.000001 0.992416 -0.05936 0.998207 -0.007645 -0.117882 0.992754 -0.023318 0.11173 -0.000001 0.993739 -0.280487 -0.000001 0.959858 -0.999695 0.000000 0.024684 -0.999326 0.000001 -0.036707 -0.995688 -0.000000 0.092763 -0.991527 0 0.129903 -0.961574 0 0.274547 -0.726611 0.000000 -0.687049 -0.034498 0.000001 -0.999405 0.263798 0.000000 -0.964578 -0.999695 0.000000 0.024684 -0.999326 0.000001 -0.036707 -0.995688 -0.000000 0.092763 -0.991527 0 0.129903 -0.961574 0 0.274547 -0.726611 0.000000 -0.687049 -0.034498 0.000001 -0.999405 0.263798 0.000000 -0.964578 -0.018674 -0.776387 0.629979 -0.097907 0.000000 0.995196 0.122925 0.000001 0.992416 -0.076273 -0.742475 0.665517 -0.108068 -0.971241 0.212159 -0.122206 -0.951802 0.281316 -0.140954 -0.836143 -0.530092 -0.165384 -0.928337 -0.332923 -0.188779 -0.538316 -0.821327 -0.117882 -0.992754 -0.023323 -0.071526 -0.715658 -0.694779 -0.163789 0.000000 -0.986495 0.015494 0 -0.99988 -0.071526 0.715659 -0.694778 -0.096836 -0.928854 -0.357566 -0.170848 0.000001 -0.985297 -0.328343 0.000002 -0.944558 -0.188779 0.53832 -0.821325 -0.097907 0.000000 0.995196 -0.018674 0.776386 0.629981 0.122925 0.000001 0.992416 -0.076273 0.742474 0.665519 -0.046693 0.931137 0.361669 -0.069711 0.657417 0.750296 -0.004851 0.000000 0.999988 -0.122205 0.951801 0.28132 -0.108068 0.97124 0.212164 -0.140954 0.836145 -0.530089 -0.117882 0.992754 -0.023318 -0.096836 0.928855 -0.357563 -0.046693 -0.931137 0.361669 -0.069712 -0.657418 0.750294 -0.004851 0.000000 0.999988 -0.096836 0.928855 -0.357563 -0.739178 -0.000000 0.673511 -0.163789 0.000000 -0.986495 -0.823884 0.000000 -0.566758 -0.664031 0.000000 -0.747705 -0.444966 0.000000 -0.895548 0.143125 0.000000 -0.989705 0.282624 0.000001 -0.959231 -0.096836 -0.928854 -0.357566 0.282624 0.000001 -0.959231 -0.170848 0.000001 -0.985297 0.143125 0.000000 -0.989705 -0.444966 0.000000 -0.895548 -0.046693 -0.931137 0.361669 -0.997733 -0.000000 -0.067293 -0.097907 0.000000 0.995196 -0.386385 -0.000000 0.922338 -0.202173 -0.000000 0.97935 -0.739178 -0.000000 0.673511 -0.163789 0.000000 -0.986495 -0.823884 0.000000 -0.566758 -0.165385 0.928339 -0.332918 -0.664031 0.000000 -0.747705 -0.997733 -0.000000 -0.067293 -0.046693 0.931137 0.361669 -0.097907 0.000000 0.995196 -0.386385 -0.000000 0.922338 -0.202173 -0.000000 0.97935 -0.152912 -0.000000 0.98824 0.190538 -0.000000 0.98168 -0.004851 0.000000 0.999988 -0.152912 -0.000000 0.98824 0.190538 -0.000000 0.98168 -0.004851 0.000000 0.999988 -0.146123 -0.949402 0.278001 -0.102174 -0.675537 0.730213 -0.110171 -0.66918 0.734888 -0.133727 -0.919799 0.368899 -0.275567 -0.958725 -0.07006 -0.164425 -0.976561 0.138902 -0.284189 -0.932898 -0.221219 -0.151381 -0.955838 -0.251909 -0.263062 -0.700523 -0.663375 -0.163998 -0.738319 -0.654209 -0.184118 -0.417436 -0.889858 -0.005101 0.850408 0.526099 0.05594 -0.000001 0.998434 -0.102173 0.675533 0.730216 -0.133727 0.919797 0.368904 -0.146122 0.949401 0.278005 -0.275567 0.958726 -0.070056 -0.207112 0.927366 -0.311605 -0.459667 0.779283 -0.425939 -0.212193 0.659089 -0.72151 -0.480229 0.429488 -0.764801 -0.122653 0.382027 -0.915976 -0.14282 0.000002 -0.989749 -0.164424 0.97656 0.138907 -0.284189 0.932899 -0.221216 -0.15138 0.955839 -0.251905 -0.263062 0.700526 -0.663372 -0.163998 0.738322 -0.654206 -0.184118 0.417439 -0.889857 -0.165185 0.000001 -0.986263 -0.297202 -0.368759 -0.880732 -0.431221 -0.682808 -0.589764 -0.477091 -0.843421 -0.247031 -0.459667 -0.779281 -0.425942 -0.297201 0.368762 -0.88073 -0.258022 0.000000 -0.966139 -0.439386 0.000000 -0.898298 -0.494503 -0.380136 -0.781641 -0.708213 0.000000 -0.705999 -0.656697 -0.581368 -0.480376 -0.076081 -0.928386 0.363747 -0.0051 -0.85041 0.526095 -0.207112 -0.927365 -0.311608 -0.212193 -0.659087 -0.721512 -0.480228 -0.429485 -0.764803 -0.122652 -0.382022 -0.915978 -0.656696 0.58137 -0.480373 -0.494503 0.380139 -0.78164 -0.43122 0.682811 -0.589761 -0.570427 0.000000 -0.821348 -0.477091 0.843422 -0.247028 -0.0051 -0.85041 0.526095 -0.322147 -0.000001 0.94669 -0.076081 -0.928386 0.363747 0.116914 -0.000001 0.993142 0.502604 -0.000001 0.864517 -0.322147 -0.000001 0.94669 -0.005101 0.850408 0.526099 -0.076079 0.928383 0.363753 0.116914 -0.000001 0.993142 0.502604 -0.000001 0.864517 0.05594 -0.000001 0.998434 -0.110172 0.669177 0.734891 -0.076079 0.928383 0.363753 -0.122019 -0.000001 0.992528 -0.09334 -0.70781 0.700209 -0.14419 -0.94471 0.294502 -0.188508 -0.93087 -0.312963 -0.200957 -0.628222 -0.751634 -0.122019 -0.000001 0.992528 -0.093341 0.707807 0.700212 -0.144191 0.944708 0.294508 -0.188509 0.930871 -0.312959 -0.042036 -0.926878 -0.373 0.028693 0 -0.999588 -0.042035 0.926879 -0.372998 -0.200957 0.628226 -0.75163 -0.042035 0.926879 -0.372998 -0.364431 -0.000005 0.93123 -0.328343 0.000002 -0.944558 -0.862375 -0.000003 0.50627 -0.808306 -0.000002 -0.588763 -0.22376 0.000000 -0.974644 0.520536 -0.000008 -0.853839 0.527563 -0.000009 -0.849516 -0.364431 -0.000005 0.93123 -0.042036 -0.926878 -0.373 -0.328343 0.000002 -0.944558 -0.862375 -0.000003 0.50627 -0.808306 -0.000002 -0.588763 -0.22376 0.000000 -0.974644 0.520536 -0.000008 -0.853839 0.527563 -0.000009 -0.849516 -0.990897 0.000001 -0.134621 -0.122019 -0.000001 0.992528 -0.122019 -0.000001 0.992528 -0.990897 0.000001 -0.134621 0.028693 0 -0.999588 -0.531833 -0.000001 0.846849 -0.216001 -0.000002 0.976393 -0.214515 -0.000002 0.976721 -0.531833 -0.000001 0.846849 -0.216001 -0.000002 0.976393 -0.214515 -0.000002 0.976721 0 0 0 0 0 0 0 0 0 0 0 0 0 0 0 0 0 0 0 0 0 0 0 0 0 0 0 0 0 0 0 0 0 0 0 0 0 0 0 0 0 0 0 0 0 0 0 0 0 0 0 0 0 0 0 0 0 0 0 0 0 0 0 0 0 0 0 0 0 0 0 0 0 0 0 0 0 0 0 0 0 0 0 0 0 0 0 0 0 0 0 0 0 0 0 0 0 0 0 0 0 0 0 0 0 0 0 0 0 0 0 0 0 0 0 0 0 0 0 0 0 0 0 0 0 0 0 0 0 0 0 0 0 0 0 0 0 0 0 0 0 0 0 0 0 0 0 0 0 0 0 0 0 0 0 0 0 0 0 0 0 0 0 0 0 0 0 0 0 0 0 0 0 0 0 0 0 0 0 0 0 0 0 0 0 0 0 0 0 0 0 0 0 0 0 0 0 0 0 0 0 0 0 0 0 0 0 0 0 0 0 0 0 0 0 0 0 0 0 0 0 0 0 0 0 0 0 0 0 0 0 0 0 0 0 0 0 0 0 0 0 0 0 0 0 0 0 0 0 0 0 0 0 0 0 0 0 0 0 0 0 0 0 0 0 0 0 0 0 0 0 0 0 0 0 0 0 0 0 0 0 0 0 0 0 0 0 0 0 0 0 0 0 0 0 0 0 0 0 0 0 0 0 0 0 0 0 0 0 0 0 0 0 0 0 0 0 0 0 0 0 0 0 0 0 0 0 0 0 0 0 0 0 0 0 0 0 0 0 0 0 0 0 0 0 0 0 0 0 0 0 0 0 0 0 0 0 0 0 0 0 0 0 0 0 0 0 0 0 0 0 0 0 0 0 0 0 0 0 0 0 0 0 0 0 0 0 0 0 0 0 0 0 0 0 0 0 0 0 0 0 0 0 0 0 0 0 0 0 0 0 0 0 0 0 0 0 0 0 0 0 0 0 0 0 0 0 0 0 0 0 0 0 0 0 0 0 0 0 0 0 0 0 0 0 0 0 0 0 0 0 0 0 0 0 0 0 0 0 0 0 0 0 0 0 0 0 0 0 0 0 0 0 0 0 0 0 0 0 0 0 0 0 0 0 0 0 0 0 0 0 0 0 0 0 0 0 0 0 0 0 0 0 0 0 0 0 0 0 0 0 0 0 0 0 0 0 0 0 0 0 0 0 0 0 0 0 0 0 0 0 0 0 0 0 0 0 0 0 0 0 0 0 0 0 0 0 0 0 0 0 0 0 0 0 0 0 0 0 0 0 0 0 0 0 0 0 0 0 0 0 0 0 0 0 0 0 0 0 0 0 0 0 0 0 0 0 0 0 0 0 0 0 0 0 0 0 0 0 0 0 0 0 0 0 0 0 0 0 0 0 0 0 0 0 0 0 0 0 0 0 0 0 0 0 0 0 0 0 0 0 0 0 0 0 0 0 0 0 0 0 0 0 0 0 0 0 0 0 0 0 0 0 0 0 0 0 0 0 0 0 0 0 0 0 0 0 0 0 0 0 0 0 0 0 0 0 0 0 0 0 0 0 0 0 0 0 0 0 0 0 0 0 0 0 0 0 0 0 0 0 0 0 0 0 0 0 0 0 0 0 0 0 0 0 0 0 0 0 0 0 0 0 0 0 0 0 0 0 0 0 0 0 0 0 0 0 0 0 0 0 0 0 0 0 0 0 0 0 0 0 0 0 0 0 0 0 0 0 0 0 0 0 0 0 0 0 0 0 0 0 0 0 0 0 0 0 0 0 0 0 0 0 0 0 0 0 0 0 0 0 0 0 0 0 0 0 0 0 0 0 0 0 0 0 0 0 0 0 0 0 0 0 0 0 0 0 0 0 0 0 0 0 0 0 0 0 0 0 0 0 0 0 0 0 0 0 0 0 0 0 0 0 0 0 0 0 0 0 0 0 0 0 0 0 0 0 0 0 0 0 0 0 0 0 0 0 0 0 0 0 0 0 0 0 0 0 0 0 0 0 0 0 0 0 0 0 0 0 0 0 0 0 0 0 0 0 0 0 0 0 0 0 0 0 0 0 0 0 0 0 0 0 0 0 0 0 0 0 0 0 0 0 0 0 0 0 0 0 0 0 0 0 0 0 0 0 0 0 0 0 0 0 0 0 0 0 0 0 0 0 0 0 0 0 0 0 0 0 0 0 0 0 0 0 0 0 0 0 0 0 0 0 0 0 0 0 0 0 0 0 0 0 0 0 0 0 0 0 0 0 0 0 0 0 0 0 0 0 0 0 0 0 0 0 0 0 0 0 0 0 0 0 0 0 0 0 0 0 0 0 0 0 0 0 0 0 0 0 0 0 0 0 0 0 0 0 0 0 0 0 0 0 0 0 0 0 0 0 0 0 0 0 0 0 0 0 0 0 0 0 0 0 0 0 0 0 0 0 0 0 0 0 0 0 0 0 0 0 0 0 0 0 0 0 0 0 0 0 0 0 0 0 0 0 0 0 0 0 0 0 0 0 0 0 0 0 0 0 0 0 0 0 0 0 0 0 0 0 0 0 0 0 0 0 0 0 0 0 0 0 0 0 0 0 0 0 0 0 0 0 0 0 0 0 0 0 0 0 0 0 0 0 0 0 0 0 0 0 0 0 0 0 0 0 0 0 0 0 0 0 0 0 0 0 0 0 0 0 0 0 0 0 0 0 0 0 0 0 0 0 0 0 0 0 0 0 0 0 0 0 0 0 0 0 0 0 0 0 0 0 0 0 0 0 0 0 0 0 0 0 0 0 0 0 0 0 0 0 0 0 0 0 0 0 0 0 0 0 0 0 0 0 0 0 0 0 0 0 0 0 0 0 0 0 0 0 0 0 0 0 0 0 0 0 0 0 0 0 0 0 0 0 0 0 0 0 0 0 0 0 0 0 0 0 0 0 0 0 0 0 0 0 0 0 0 0 0 0 0 0 0 0 0 0 0 0 0 0 0 0 0 0 0 0 0 0 0 0 0 0 0 0 0 0 0 0 0 0 0 0 0 0 0 0 0 0 0 0 0 0 0 0 0 0 0 0 0 0 0 0 0 0 0 0 0 0 0 0 0 0 0 0 0 0 0 0 0 0 0 0 0 0 0 0 0 0 0 0 0 0 0 0 0 0 0 0 0 0 0 0 0 0 0 0 0 0 0 0 0 0 0 0 0 0 0 0 0 0 0 0 0 0 0 0 0 0 0 0 0 0 0 0 0 0 0 0 0 0 0 0 0 0 0 0 0 0 0 0 0 0 0 0 0 0 0 0 0 0 0 0 0 0 0 0 0 0 0 0 0 0 0 0 0 0 0 0 0 0 0 0 0 0 0 0 0 0 0 0 0 0 0 0 0 0 0 0 0 0 0 0 0 0 0 0 0 0 0 0 0 0 0 0 0 0 0 0 0 0 0 0 0 0 0 0 0 0 0 0 0 0 0 0 0 0 0 0 0 0 0 0 0 0 0 0 0 0 0 0 0 0 0 0 0 0 0 0 0 0 0 0 0 0 0 0 0 0 0 0 0 0 0 0 0 0 0 0 0 0 0 0 0 0 0 0 0 0 0 0 0 0 0 0 0 0 0 0 0 0 0 0 0 0 0 0 0 0 0 0 0 0 0 0 0 0 0 0 0 0 0 0 0 0 0 0 0 0 0 0 0 0 0 0 0 0 0 0 0 0 0 0 0 0 0 0 0 0 0 0 0 0 0 0 0 0 0 0 0 0 0 0 0 0 0 0 0 0 0 0 0 0 0 0 0 0 0 0 0 0 0 0 0 0 0 0 0 0 0 0 0 0 0 0 0 0 0 0 0 0 0 0 0 0 0 0 0 0 0 0 0 0 0 0 0 0 0 0 0 0 0 0 0 0 0 0 0 0 0 0 0 0 0 0 0 0 0 0 0 0 0 0 0 0 0 0 0 0 0 0 0 0 0 0 0 0 0 0 0 0 0 0 0 0 0 0 0 0 0 0 0 0 0 0 0 0 0 0 0 0 0 0 0 0 0 0 0 0 0 0 0 0 0 0 0 0 0 0 0 0 0 0 0 0 0 0 0 0 0 0 0 0 0 0 0 0 0 0 0 0 0 0 0 0 0 0 0 0 0 0 0 0 0 0 0 0 0 0 0 0 0 0 0 0 0 0 0 0 0 0 0 0 0 0 0 0 0 0 0 0 0 0 0 0 0 0 0 0 0 0 0 0 0 0 0 0 0 0 0 0 0 0 0 0 0 0 0 0 0 0 0 0 0 0 0 0 0 0 0 0 0 0 0 0 0 0 0 0 0 0 0 0 0 0 0 0 0 0 0 0 0 0 0 0 0 0 0 0 0 0 0 0 0 0 0 0 0 0 0 0 0 0 0 0 0 0 0 0 0 0 0 0 0 0 0 0 0 0 0 0 0 0 0 0 0 0 0 0 0 0 0 0 0 0 0 0 0 0 0 0 0 0 0 0 0 0 0 0 0 0 0 0 0 0 0 0 0 0 0 0 0 0 0 0 0 0 0 0 0 0 0 0 0 0 0 0 0 0 0 0 0 0 0 0 0 0 0 0 0 0 0 0 0 0 0 0 0 0 0 0 0 0 0 0 0 0 0 0 0 0 0 0 0 0 0 0 0 0 0 0 0 0 0 0 0 0 0 0 0 0 0 0 0 0 0 0 0 0 0 0 0 0 0 0 0 0 0 0 0 0 0 0 0 0 0 0 0 0 0 0 0 0 0 0 0 0 0 0 0 0 0 0 0 0 0 0 0 0 0 0 0 0 0 0 0 0 0 0 0 0 0 0 0 0 0 0 0 0 0 0 0 0 0 0 0 0 0 0 0 0 0 0 0 0 0 0 0 0 0 0 0 0 0 0 0 0 0 0 0 0 0 0 0 0 0 0 0 0 0 0 0 0 0 0 0 0 0 0 0 0 0 0 0 0 0 0 0 0 0 0 0 0 0 0 0 0 0 0 0 0 0 0 0 0 0 0 0 0 0 0 0 0 0 0 0 0 0 0 0 0 0 0 0 0 0 0 0 0 0 0 0 0 0 0 0 0 0 0 0 0 0 0 0 0 0 0 0 0 0 0 0 0 0 0 0 0 0 0 0 0 0 0 0 0 0 0 0 0 0 0 0 0 0 0 0 0 0 0 0 0 0 0 0 0 0 0 0 0 0 0 0 0 0 0 0 0 0 0 0 0 0 0 0 0 0 0 0 0 0 0 0 0 0 0 0 0 0 0 0 0 0 0 0 0 0 0 0 0 0 0 0 0 0 0 0 0 0 0 0 0 0 0 0 0 0 0 0 0 0 0 0 0 0 0 0 0 0 0 0 0 0 0 0 0 0 0 0 0 0 0 0 0 0 0 0 0 0 0 0 0 0 0 0 0 0 0 0 0 0 0 0 0 0 0 0 0 0 0 0 0 0 0 0 0 0 0 0 0 0 0 0 0 0 0 0 0 0 0 0 0 0 0 0 0 0 0 0 0 0 0 0 0 0 0 0 0 0 0 0 0 0 0 0 0 0 0 0 0 0 0 0 0 0 0 0 0 0 0 0 0 0 0 0 0 0 0 0 0 0 0 0 0 0 0 0 0 0 0 0 0 0 0 0 0 0 0 0 0 0 0 0 0 0 0 0 0 0 0 0 0 0 0 0 0 0 0 0 0 0 0 0 0 0 0 0 0 0 0 0 0 0 0 0 0 0 0 0 0 0 0 0 0 0 0 0 0 0 0 0 0 0 0 0 0 0 0 0 0 0 0 0 0 0 0 0 0 0 0 0 0 0 0 0 0 0 0 0 0 0 0 0 0 0 0 0 0 0 0 0 0 0 0 0 0 0 0 0 0 0 0 0 0 0 0 0 0 0 0 0 0 0 0 0 0 0 0 0 0 0 0 0 0 0 0 0 0 0 0 0 0 0 0 0 0 0 0 0 0 0 0 0 0 0 0 0 0 0 0 0 0 0 0 0 0 0 0 0 0 0 0 0 0 0 0 0 0 0 0 0 0 0 0 0 0 0 0 0 0 0 0 0 0 0 0 0 0 0 0 0 0 0 0 0 0 0 0 0 0 0 0 0 0 0 0 0 0 0 0 0 0 0 0 0 0 0 0 0 0 0 0 0 0 0 0 0 0 0 0 0 0 0 0 0 0 0 0 0 0 0 0 0 0 0 0 0 0 0 0 0 0 0 0 0 0 0 0 0 0 0 0 0 0 0 0 0 0 0 0 0 0 0 0 0 0 0 0 0 0 0 0 0 0 0 0 0 0 0 0 0 0 0 0 0 0 0 0 0 0 0 0 0 0 0 0 0 0 0 0 0 0 0 0 0 0 0 0 0 0 0 0 0 0 0 0 0 0 0 0 0 0 0 0 0 0 0 0 0 0 0 0 0 0 0 0 0 0 0 0 0 0 0 0 0 0 0 0 0 0 0 0 0 0 0 0 0 0 0 0 0 0 0 0 0 0 0 0 0 0 0 0 0 0 0 0 0 0 0 0 0 0 0 0 0 0 0 0 0 0 0 0 0 0 0 0 0 0 0 0 0 0 0 0 0 0 0 0 0 0 0 0 0 0 0 0 0 0 0 0 0 0 0 0 0 0 0 0 0 0 0 0 0 0 0 0 0 0 0 0 0 0 0 0 0 0 0 0 0 0 0 0 0 0 0 0 0 0 0 0 0 0 0 0 0 0 0 0 0 0 0 0 0 0 0 0 0 0 0 0 0 0 0 0 0 0 0 0 0 0 0 0 0 0 0 0 0 0 0 0 0 0 0 0 0 0 0 0 0 0 0 0 0 0 0 0 0 0 0 0 0 0 0 0 0 0 0 0 0 0 0 0 0 0 0 0 0 0 0 0 0 0 0 0 0 0 0 0 0 0 0 0 0 0 0 0 0 0 0 0 0 0 0 0 0 0 0 0 0 0 0 0 0 0 0 0 0 0 0 0 0 0 0 0 0 0 0 0 0 0 0 0 0 0 0 0 0 0 0 0 0 0 0 0 0 0 0 0 0 0 0 0 0 0 0 0 0 0 0 0 0 0 0 0 0 0 0 0 0 0 0 0 0 0 0 0 0 0 0 0 0 0 0 0 0 0 0 0 0 0 0 0 0 0 0 0 0 0 0 0 0 0 0 0 0 0 0 0 0 0 0 0 0 0 0 0 0 0 0 0 0 0 0 0 0 0 0 0 0 0 0 0 0 0 0 0 0 0 0 0 0 0 0 0 0 0 0 0 0 0 0 0 0 0 0 0 0 0 0 0 0 0 0 0 0 0 0 0 0 0 0 0 0 0 0 0 0 0 0 0 0 0 0 0 0 0 0 0 0 0 0 0 0 0 0 0 0 0 0 0 0 0 0 0 0 0 0 0 0 0 0 0 0 0 0 0 0 0 0 0 0 0 0 0 0 0 0 0 0 0 0 0 0 0 0 0 0 0 0 0 0 0 0 0 0 0 0 0 0 0 0 0 0 0 0 0 0 0 0 0 0 0 0 0 0 0 0 0 0 0 0 0 0 0 0 0 0 0 0 0 0 0 0 0 0 0 0 0 0 0 0 0 0 0 0 0 0 0 0 0 0 0 0 0 0 0 0 0 0 0 0 0 0 0 0 0 0 0 0 0 0 0 0 0 0 0 0 0 0 0 0 0 0 0 0 0 0 0 0 0 0 0 0 0 0 0 0 0 0 0 0 0 0 0 0 0 0 0 0 0 0 0 0 0 0 0 0 0 0 0 0 0 0 0 0 0 0 0 0 0 0 0 0 0 0 0 0 0 0 0 0 0 0 0 0 0 0 0 0 0 0 0 0 0 0 0 0 0 0 0 0 0 0 0 0 0 0 0 0 0 0 0 0 0 0 0 0 0 0 0 0 0 0 0 0 0 0 0 0 0 0 0 0 0 0 0 0 0 0 0 0 0 0 0 0 0 0 0 0 0 0 0 0 0 0 0 0 0 0 0 0 0 0 0 0 0 0 0 0 0 0 0 0 0 0 0 0 0 0 0 0 0 0 0 0 0 0 0 0 0 0 0 0 0 0 0 0 0 0 0 0 0 0 0 0 0 0 0 0 0 0 0 0 0 0 0 0 0 0 0 0 0 0 0 0 0 0 0 0 0 0 0 0 0 0 0 0 0 0 0 0 0 0 0 0 0 0 0 0 0 0 0 0 0 0 0 0 0 0 0 0 0 0 0 0 0 0 0 0 0 0 0 0 0 0 0 0 0 0 0 0 0 0 0 0 0 0 0 0 0 0 0 0 0 0 0 0 0 0 0 0 0 0 0 0 0 0 0 0 0 0 0 0 0 0 0 0 0 0 0 0 0 0 0 0 0 0 0 0 0 0 0 0 0 0 0 0 0 0 0 0 0 0 0 0 0 0 0 0 0 0 0 0 0 0 0 0 0 0 0 0 0 0 0 0 0 0 0 0 0 0 0 0 0 0 0 0 0 0 0 0 0 0 0 0 0 0 0 0 0 0 0 0 0 0 0 0 0 0 0 0 0 0 0 0 0 0 0 0 0 0 0 0 0 0 0 0 0 0 0 0 0 0 0 0 0 0 0 0 0 0 0 0 0 0 0 0 0 0 0 0 0 0 0 0 0 0 0 0 0 0 0 0 0 0 0 0 0 0 0 0 0 0 0 0 0 0 0 0 0 0 0 0 0 0 0 0 0 0 0 0 0 0 0 0 0 0 0 0 0 0 0 0 0 0 0 0 0 0 0 0 0 0 0 0 0 0 0 0 0 0 0 0 0 0 0 0 0 0 0 0 0 0 0 0 0 0 0 0 0 0 0 0 0 0 0 0 0 0 0 0 0 0 0 0 0 0 0 0 0 0 0 0 0 0 0 0 0 0 0 0 0 0 0 0 0 0 0 0 0 0 0 0 0 0 0 0 0 0 0 0 0 0 0 0 0 0 0 0 0 0 0 0 0 0 0 0 0 0 0 0 0 0 0 0 0 0 0 0 0 0 0 0 0 0 0 0 0 0 0 0 0 0 0 0 0 0 0 0 0 0 0 0 0 0 0 0 0 0 0 0 0 0 0 0 0 0 0 0 0 0 0 0 0 0 0 0 0 0 0 0 0 0 0 0 0 0 0 0 0 0 0 0 0 0 0 0 0 0 0 0 0 0 0 0 0 0 0 0 0 0 0 0 0 0 0 0 0 0 0 0 0 0 0 0 0 0 0 0 0 0 0 0 0 0 0 0 0 0 0 0 0 0 0 0 0 0 0 0 0 0 0 0 0 0 0 0 0 0 0 0 0 0 0 0 0 0 0 0 0 0 0 0 0 0 0 0 0 0 0 0 0 0 0 0 0 0 0 0 0 0 0 0 0 0 0 0 0 0 0 0 0 0 0 0 0 0 0 0 0 0 0 0 0 0 0 0 0 0 0 0 0 0 0 0 0 0 0 0 0 0 0 0 0 0 0 0 0 0 0 0 0 0 0 0 0 0 0 0 0 0 0 0 0 0 0 0 0 0 0 0 0 0 0 0 0 0 0 0 0 0 0 0 0 0 0 0 0 0 0 0 0 0 0 0 0 0 0 0 0 0 0 0 0 0 0 0 0 0 0 0 0 0 0 0 0 0 0 0 0 0 0 0 0 0 0 0 0 0 0 0 0 0 0 0 0 0 0 0 0 0 0 0 0 0 0 0 0 0 0 0 0 0 0 0 0 0 0 0 0 0 0 0 0 0 0 0 0 0 0 0 0 0 0 0 0 0 0 0 0 0 0 0 0 0 0 0 0 0 0 0 0 0 0 0 0 0 0 0 0 0 0 0 0 0 0 0 0 0 0 0 0 0 0 0 0 0 0 0 0 0 0 0 0 0 0 0 0 0 0 0 0 0 0 0 0 0 0 0 0 0 0 0 0 0 0 0 0 0 0 0 0 0 0 0 0 0 0 0 0 0 0 0 0 0 0 0 0 0 0 0 0 0 0 0 0 0 0 0 0 0 0 0 0 0 0 0 0 0 0 0 0 0 0 0 0 0 0 0 0 0 0 0 0 0 0 0 0 0 0 0 0 0 0 0 0 0 0 0 0 0 0 0 0 0 0 0 0 0 0 0 0 0 0 0 0 0 0 0 0 0 0 0 0 0 0 0 0 0 0 0 0 0 0 0 0 0 0 0 0 0 0 0 0 0 0 0 0 0 0 0 0 0 0 0 0 0 0 0 0 0 0 0 0 0 0 0 0 0 0 0 0 0 0 0 0 0 0 0 0 0 0 0 0 0 0 0 0 0 0 0 0 0 0 0 0 0 0 0 0 0 0 0 0 0 0 0 0 0 0 0 0 0 0 0 0 0 0 0 0 0 0 0 0 0 0 0 0 0 0 0 0 0 0 0 0 0 0 0 0 0 0 0 0 0 0 0 0 0 0 0 0 0 0 0 0 0 0 0 0 0 0 0 0 0 0 0 0 0 0 0 0 0 0 0 0 0 0 0 0 0 0 0 0 0 0 0 0 0 0 0 0 0 0 0 0 0 0 0 0 0 0 0 0 0 0 0 0 0 0 0 0 0 0 0 0 0 0 0 0 0 0 0 0 0 0 0 0 0 0 0 0 0 0 0 0 0 0 0 0 0 0 0 0 0 0 0 0 0 0 0 0 0 0 0 0 0 0 0 0 0 0 0 0 0 0 0 0 0 0 0 0 0 0 0 0 0 0 0 0 0 0 0 0 0 0 0 0 0 0 0 0 0 0 0 0 0 0 0 0 0 0 0 0 0 0 0 0 0 0 0 0 0 0 0 0 0 0 0 0 0 0 0 0 0 0 0 0 0 0 0 0 0 0 0 0 0 0 0 0 0 0 0 0 0 0 0 0 0 0 0 0 0 0 0 0 0 0 0 0 0 0 0 0 0 0 0 0 0 0 0 0 0 0 0 0 0 0 0 0 0 0 0 0 0 0 0 0 0 0 0 0 0 0 0 0 0 0 0 0 0 0 0 0 0 0 0 0 0 0 0 0 0 0 0 0 0 0 0 0 0 0 0 0 0 0 0 0 0 0 0 0 0 0 0 0 0 0 0 0 0 0 0 0 0 0 0 0 0 0 0 0 0 0 0 0 0 0 0 0 0 0 0 0 0 0 0 0 0 0 0 0 0 0 0 0 0 0 0 0 0 0 0 0 0 0 0 0 0 0 0 0 0 0 0 0 0 0 0 0 0 0 0 0 0 0 0 0 0 0 0 0 0 0 0 0 0 0 0 0 0 0 0 0 0 0 0 0 0 0 0 0 0 0 0 0 0 0 0 0 0 0 0 0 0 0 0 0 0 0 0 0 0 0 0 0 0 0 0 0 0 0 0 0 0 0 0 0 0 0 0 0 0 0 0 0 0 0 0 0 0 0 0 0 0 0 0 0 0 0 0 0 0 0 0 0 0 0 0 0 0 0 0 0 0 0 0 0 0 0 0 0 0 0 0 0 0 0 0 0 0 0 0 0 0 0 0 0 0 0 0 0 0 0 0 0 0 0 0 0 0 0 0 0 0 0 0 0 0 0 0 0 0 0 0 0 0 0 0 0 0 0 0 0 0 0 0 0 0 0 0 0 0 0 0 0 0 0 0 0 0 0 0 0 0 0 0 0 0 0 0 0 0 0 0 0 0 0 0 0 0 0 0 0 0 0 0 0 0 0 0 0 0 0 0 0 0 0 0 0 0 0 0 0 0 0 0 0 0 0 0 0 0 0 0 0 0 0 0 0 0 0 0 0 0 0 0 0 0 0 0 0 0 0 0 0 0 0 0 0 0 0 0 0 0 0 0 0 0 0 0 0 0 0 0 0 0 0 0 0 0 0 0 0 0 0 0 0 0 0 0 0 0 0 0 0 0 0 0 0 0 0 0 0 0 0 0 0 0 0 0 0 0 0 0 0 0 0 0 0 0 0 0 0 0 0 0 0 0 0 0 0 0 0 0 0 0 0 0 0 0 0 0 0 0 0 0 0 0 0 0 0 0 0 0 0 0 0 0 0 0 0 0 0 0 0 0 0 0 0 0 0 0 0 0 0 0 0 0 0 0 0 0 0 0 0 0 0 0 0 0 0 0 0 0 0 0 0 0 0 0 0 0 0 0 0 0 0 0 0 0 0 0 0 0 0 0 0 0 0 0 0 0 0 0 0 0 0 0 0 0 0 0 0 0 0 0 0 0 0 0 0 0 0 0 0 0 0 0 0 0 0 0 0 0 0 0 0 0 0 0 0 0 0 0 0 0 0 0 0 0 0 0 0 0 0 0 0 0 0 0 0 0 0 0 0 0 0 0 0 0 0 0 0 0 0 0 0 0 0 0 0 0 0 0 0 0 0 0 0 0 0 0 0 0 0 0 0 0 0 0 0 0 0 0 0 0 0 0 0 0 0 0 0 0 0 0 0 0 0 0 0 0 0 0 0 0 0 0 0 0 0 0 0 0 0 0 0 0 0 0 0 0 0 0 0 0 0 0 0 0 0 0 0 0 0 0 0 0 0 0 0 0 0 0 0 0 0 0 0 0 0 0 0 0 0 0 0 0 0 0 0 0 0 0 0 0 0 0 0 0 0 0 0 0 0 0 0 0 0 0 0 0 0 0 0 0 0 0 0 0 0 0 0 0 0 0 0 0 0 0 0 0 0 0 0 0 0 0 0 0 0 0 0 0 0 0 0 0 0 0 0 0 0 0 0 0 0 0 0 0 0 0 0 0 0 0 0 0 0 0 0 0 0 0 0 0 0 0 0 0 0 0 0 0 0 0 0 0 0 0 0 0 0 0 0 0 0 0 0 0 0 0 0 0 0 0 0 0 0 0 0 0 0 0 0 0 0 0 0 0 0 0 0 0 0 0 0 0 0 0 0 0 0 0 0 0 0 0 0 0 0 0 0 0 0 0 0 0 0 0 0 0 0 0 0 0 0 0 0 0 0 0 0 0 0 0 0 0 0 0 0 0 0 0 0 0 0 0 0 0 0 0 0 0 0 0 0 0 0 0 0 0 0 0 0 0 0 0 0 0 0 0 0 0 0 0 0 0 0 0 0 0 0 0 0 0 0 0 0 0 0 0 0 0 0 0 0 0 0 0 0 0 0 0 0 0 0 0 0 0 0 0 0 0 0 0 0 0 0 0 0 0 0 0 0 0 0 0 0 0 0 0 0 0 0 0 0 0 0 0 0 0 0 0 0 0 0 0 0 0 0 0 0 0 0 0 0 0 0 0 0 0 0 0 0 0 0 0 0 0 0 0 0 0 0 0 0 0 0 0 0 0 0 0 0 0 0 0 0 0 0 0 0 0 0 0 0 0 0 0 0 0 0 0 0 0 0 0 0 0 0 0 0 0 0 0 0 0 0 0 0 0 0 0 0 0 0 0 0 0 0 0 0 0 0 0 0 0 0 0 0 0 0 0 0 0 0 0 0 0 0 0 0 0 0 0 0 0 0 0 0 0 0 0 0 0 0 0 0 0 0 0 0 0 0 0 0 0 0 0 0 0 0 0 0 0 0 0 0 0 0 0 0 0 0 0 0 0 0 0 0 0 0 0 0 0 0 0 0 0 0 0 0 0 0 0 0 0 0 0 0 0 0 0 0 0 0 0 0 0 0 0 0 0 0 0 0 0 0 0 0 0 0 0 0 0 0 0 0 0 0 0 0 0 0 0 0 0 0 0 0 0 0 0 0 0 0 0 0 0 0 0 0 0 0 0 0 0 0 0 0 0 0 0 0 0 0 0 0 0 0 0 0 0 0 0 0 0 0 0 0 0 0 0 0 0 0 0 0 0 0 0 0 0 0 0 0 0 0 0 0 0 0 0 0 0 0 0 0 0 0 0 0 0 0 0 0 0 0 0 0 0 0 0 0 0 0 0 0 0 0 0 0 0 0 0 0 0 0 0 0 0 0 0 0 0 0 0 0 0 0 0 0 0 0 0 0 0 0 0 0 0 0 0 0 0 0 0 0 0 0 0 0 0 0 0 0 0 0 0 0 0 0 0 0 0 0 0 0 0 0 0 0 0 0 0 0 0 0 0 0 0 0 0 0 0 0 0 0 0 0 0 0 0 0 0 0 0 0 0 0 0 0 0 0 0 0 0 0 0 0 0 0 0 0 0 0 0 0 0 0 0 0 0 0 0 0 0 0 0 0 0 0 0 0 0 0 0 0 0 0 0 0 0 0 0 0 0 0 0 0 0 0 0 0 0 0 0 0 0 0 0 0 0 0 0 0 0 0 0 0 0 0 0 0 0 0 0 0 0 0 0 0 0 0 0 0 0 0 0 0 0</float_array>
          <technique_common>
            <accessor source="#GeometrySource1-array" count="2808" stride="3">
              <param name="X" type="float"/>
              <param name="Y" type="float"/>
              <param name="Z" type="float"/>
            </accessor>
          </technique_common>
        </source>
        <source id="GeometrySource2" name="mesh0UV">
          <float_array id="GeometrySource2-array" count="5616">0.019985 -0.219878 0.009289 -0.219453 0.027215 -0.184068 0.015656 -0.274837 0.033014 -0.224147 0.08579 -0.271204 0.093458 -0.224285 0.173505 -0.226786 0.176626 -0.171489 0.24748 -0.230296 0.248906 -0.174969 0.278326 -0.473851 0.257111 -0.456016 0.271969 -0.449439 0.262961 -0.477117 0.246582 -0.501713 0.208914 -0.454585 0.236077 -0.524141 0.19821 -0.536362 0.197362 -0.551225 0.142569 -0.546613 0.171311 -0.370869 0.129233 -0.342261 0.098437 -0.350026 0.171311 -0.320385 0.247691 -0.323074 0.172186 -0.271147 0.246021 -0.272568 0.173505 -0.226786 0.24748 -0.230296 0.176626 -0.171489 0.246021 -0.272568 0.172186 -0.271147 0.247691 -0.323074 0.171311 -0.320385 0.171311 -0.370869 0.129233 -0.342261 0.098437 -0.350026 0.097959 -0.052306 0.209331 -0.017161 0.094317 -0.009167 0.182388 -0.055354 0.097534 -0.107475 0.179216 -0.113717 0.248906 -0.174969 0.209331 -0.017161 0.097959 -0.052306 0.182388 -0.055354 0.279628 -0.019837 0.251484 -0.089119 0.34481 -0.095033 0.354817 -0.175742 0.096127 -0.339859 0.078434 -0.345671 0.020273 -0.342133 0.097534 -0.107475 0.179216 -0.113717 0.256388 -0.511267 0.246623 -0.537458 0.020273 -0.342133 0.078434 -0.345671 0.015656 -0.274837 0.076783 -0.421493 0.020777 -0.420654 0.14894 -0.462001 0.144282 -0.532358 0.068563 -0.518382 0.251484 -0.089119 0.096127 -0.339859 0.08579 -0.271204 0.174633 -0.423705 0.246932 -0.37318 0.098304 -0.166854 0.093458 -0.224285 0.034692 -0.180825 0.033014 -0.224147 0.019985 -0.219878 0.246932 -0.37318 0.246092 -0.426654 0.209944 -0.563436 0.278326 -0.596197 0.271969 -0.571785 0.256388 -0.633613 0.246623 -0.659804 0.315161 -0.987401 0.415586 -0.937119 0.385458 -0.990076 0.397496 -0.87639 0.348678 -0.875754 0.34481 -0.095033 0.354817 -0.175742 0.527073 -0.908835 0.509855 -0.943263 0.504207 -0.904921 0.534007 -0.977298 0.580603 -0.986357 0.446228 -0.908835 0.42901 -0.943263 0.423362 -0.904921 0.453162 -0.977298 0.499758 -0.986357 0.299861 -0.908638 0.24703 -0.961242 0.200147 -0.979407 0.446228 -0.908835 0.504799 -0.959323 0.484103 -0.914111 0.499758 -0.986357 0.453162 -0.977298 0.197362 -0.673571 0.152009 -0.572632 0.257111 -0.456016 0.209944 -0.441089 0.271969 -0.449439 0.208914 -0.454585 0.348678 -0.875754 0.315161 -0.987401 0.397496 -0.87639 0.299861 -0.908638 0.415586 -0.937119 0.385458 -0.990076 0.580603 -0.986357 0.527073 -0.908835 0.534007 -0.977298 0.585644 -0.959323 0.098304 -0.166854 0.509855 -0.943263 0.504207 -0.904921 0.009289 -0.219453 0.027215 -0.184068 0.504799 -0.959323 0.484103 -0.914111 0.42901 -0.943263 0.423362 -0.904921 0.585644 -0.959323 0.564948 -0.914111 0.142569 -0.668959 0.073009 -0.588511 0.064985 -0.509879 0.070609 -0.472132 0.034692 -0.180825 0.073009 -0.466164 0.14894 -0.462001 0.070609 -0.472132 0.152009 -0.450286 0.24703 -0.961242 0.068563 -0.640729 0.564948 -0.914111 0.257111 -0.456016 0.278326 -0.473851 0.271969 -0.449439 0.262961 -0.477117 0.208914 -0.454585 0.246582 -0.501713 0.236077 -0.524141 0.256388 -0.511267 0.246623 -0.537458 0.947717 -0.604206 0.978958 -0.606734 0.974341 -0.539438 0.979462 -0.685255 0.883382 -0.68524 0.947717 -0.604206 0.886186 -0.603026 0.891499 -0.540534 0.832896 -0.540249 0.209944 -0.441089 0.257111 -0.456016 0.271969 -0.449439 0.208914 -0.454585 0.152009 -0.450286 0.14894 -0.462001 0.073009 -0.466164 0.070609 -0.472132 0.820414 -0.686386 0.823677 -0.608379 0.823677 -0.608379 0.886186 -0.603026 0.832896 -0.540249 0.891499 -0.540534 0.197362 -0.551225 0.19821 -0.536362 0.14894 -0.462001 0.142569 -0.546613 0.144282 -0.532358 0.070609 -0.472132 0.02792 -0.668369 0.039201 -0.668252 0.102298 -0.779548 0.042086 -0.546491 0.01268 -0.54245 0.042319 -0.438318 0.068563 -0.518382 0.064985 -0.509879 0.031039 -0.158544 0.023172 -0.057282 0.01869 -0.010378 0.026582 -0.100664 0.278326 -0.596197 0.209944 -0.563436 0.271969 -0.571785 0.256388 -0.633613 0.246623 -0.659804 0.197362 -0.673571 0.152009 -0.572632 0.142569 -0.668959 0.073009 -0.588511 0.068563 -0.640729 0.978958 -0.606734 0.974341 -0.539438 0.026582 -0.100664 0.023172 -0.057282 0.039201 -0.668252 0.02792 -0.668369 0.102298 -0.779548 0.042086 -0.546491 0.01268 -0.54245 0.042319 -0.438318 0.031039 -0.158544 0.898019 -0.478872 0.841907 -0.479938 0.844428 -0.439044 0.902715 -0.422234 0.846965 -0.399843 0.907152 -0.362295 0.849725 -0.357706 0.90772 -0.325506 0.847914 -0.324953 0.907135 -0.279604 0.844804 -0.282569 0.847914 -0.324953 0.902715 -0.422234 0.989724 -0.423145 0.988684 -0.473644 0.985267 -0.365265 0.907152 -0.362295 0.981857 -0.321883 0.90772 -0.325506 0.977375 -0.274979 0.787844 -0.438749 0.778983 -0.485851 0.755576 -0.469314 0.753547 -0.495359 0.717875 -0.474619 0.702818 -0.495745 0.652972 -0.479077 0.972979 -0.531411 0.988684 -0.473644 0.989724 -0.423145 0.985267 -0.365265 0.849725 -0.357706 0.846965 -0.399843 0.898019 -0.478872 0.972979 -0.531411 0.844428 -0.439044 0.745133 -0.447779 0.724989 -0.46082 0.706212 -0.4323 0.677457 -0.440978 0.661565 -0.460227 0.981857 -0.321883 0.778983 -0.485851 0.753547 -0.495359 0.755576 -0.469314 0.76902 -0.518894 0.771852 -0.568647 0.770312 -0.615703 0.770343 -0.686386 0.770312 -0.615703 0.693742 -0.686295 0.69726 -0.634837 0.639218 -0.685628 0.65325 -0.605061 0.609813 -0.641028 0.600363 -0.626813 0.576089 -0.682358 0.554308 -0.674139 0.600363 -0.626813 0.540572 -0.65774 0.588206 -0.609966 0.538579 -0.649838 0.584783 -0.60398 0.69726 -0.634837 0.700143 -0.570612 0.65325 -0.605061 0.651314 -0.586175 0.646075 -0.568796 0.702818 -0.495745 0.74276 -0.521946 0.716529 -0.51267 0.717875 -0.474619 0.724989 -0.46082 0.745133 -0.447779 0.706212 -0.4323 0.609813 -0.641028 0.700143 -0.570612 0.771852 -0.568647 0.651314 -0.586175 0.646075 -0.568796 0.588206 -0.609966 0.704122 -0.531197 0.706347 -0.550656 0.740464 -0.543206 0.677457 -0.440978 0.661565 -0.460227 0.652972 -0.479077 0.787844 -0.438749 0.841907 -0.479938 0.09184 -0.965264 0.169168 -0.939485 0.174412 -0.965264 0.088094 -0.939485 0.009626 -0.965264 0.009626 -0.939485 0.088094 -0.939485 0.640161 -0.56244 0.716529 -0.51267 0.584783 -0.60398 0.640161 -0.56244 0.089068 -0.907221 0.169168 -0.939485 0.169168 -0.907221 0.088094 -0.939485 0.009626 -0.907221 0.009626 -0.939485 0.584783 -0.60398 0.536586 -0.641936 0.538579 -0.649838 0.58136 -0.597994 0.634248 -0.556083 0.169168 -0.939485 0.089068 -0.907221 0.169168 -0.907221 0.088094 -0.939485 0.426913 -0.755469 0.387173 -0.827363 0.377659 -0.751155 0.462994 -0.770907 0.58136 -0.597994 0.634248 -0.556083 0.584783 -0.60398 0.169168 -0.939485 0.09184 -0.965264 0.174412 -0.965264 0.426913 -0.755469 0.377659 -0.751155 0.795668 -0.415502 0.788406 -0.391593 0.792329 -0.355083 0.792855 -0.327427 0.788143 -0.286492 0.792855 -0.327427 0.728014 -0.332654 0.745421 -0.358869 0.665462 -0.348246 0.695557 -0.367879 0.616419 -0.376555 0.645283 -0.399865 0.617928 -0.427252 0.606767 -0.445807 0.601863 -0.461206 0.652901 -0.485881 0.716529 -0.51267 0.74276 -0.521946 0.763029 -0.377876 0.745421 -0.358869 0.725141 -0.383138 0.695557 -0.367879 0.698174 -0.411223 0.645283 -0.399865 0.617928 -0.427252 0.606767 -0.445807 0.573482 -0.407642 0.568478 -0.430236 0.545892 -0.392787 0.525798 -0.411023 0.568478 -0.430236 0.519213 -0.429442 0.562725 -0.445376 0.52218 -0.439782 0.562645 -0.452256 0.792329 -0.355083 0.763029 -0.377876 0.725141 -0.383138 0.755825 -0.391377 0.734323 -0.395199 0.753164 -0.410764 0.719858 -0.416357 0.728151 -0.430342 0.753285 -0.437309 0.775753 -0.432352 0.795668 -0.415502 0.719858 -0.416357 0.734323 -0.395199 0.755825 -0.391377 0.753164 -0.410764 0.775102 -0.400513 0.783441 -0.414309 0.795668 -0.415502 0.775753 -0.432352 0.069867 -0.885656 0.069867 -0.863232 0.006947 -0.863232 0.129597 -0.863232 0.129597 -0.885656 0.196523 -0.863232 0.196523 -0.885656 0.260251 -0.863232 0.260251 -0.885656 0.196523 -0.885656 0.616419 -0.376555 0.595608 -0.352965 0.573482 -0.407642 0.728014 -0.332654 0.665462 -0.348246 0.650206 -0.320093 0.703703 -0.510587 0.716529 -0.51267 0.704122 -0.531197 0.706347 -0.550656 0.740464 -0.543206 0.069867 -0.863232 0.069867 -0.829712 0.006947 -0.863232 0.129597 -0.829712 0.129597 -0.863232 0.196523 -0.829712 0.196523 -0.863232 0.260251 -0.863232 0.788406 -0.391593 0.775102 -0.400513 0.783441 -0.414309 0.76902 -0.518894 0.717875 -0.297902 0.562566 -0.459137 0.601083 -0.469372 0.600304 -0.477538 0.562645 -0.452256 0.525148 -0.450121 0.52218 -0.439782 0.562645 -0.452256 0.562725 -0.445376 0.601863 -0.461206 0.562645 -0.452256 0.601083 -0.469372 0.703703 -0.510587 0.652829 -0.492685 0.601083 -0.469372 0.600304 -0.477538 0.562566 -0.459137 0.652901 -0.485881 0.753285 -0.437309 0.728151 -0.430342 0.196523 -0.829712 0.196523 -0.863232 0.129597 -0.863232 0.260251 -0.829712 0.698174 -0.411223 0.329096 -0.741837 0.341212 -0.855117 0.329096 -0.741837 0.788406 -0.391593 0.291074 -0.833423 0.329096 -0.741837 0.293627 -0.747948 0.341212 -0.855117 0.329096 -0.741837 0.293627 -0.747948 0.257204 -0.747564 0.221031 -0.755153 0.195816 -0.774793 0.221031 -0.755153 0.257204 -0.747564 0.069867 -0.863232 0.069867 -0.885656 0.006947 -0.863232 0.129597 -0.863232 0.788406 -0.391593 0.703703 -0.510587 0.196523 -0.863232 0.129597 -0.885656 0.795668 -0.415502 0.129597 -0.829712 0.069867 -0.863232 0.703703 -0.510587 0.652829 -0.492685 0.601083 -0.469372 0.069867 -0.829712 0.006947 -0.863232 0.253673 -0.939485 0.253673 -0.939485 0.253673 -0.939485 0.253673 -0.939485 0.667099 -0.828616 0.566359 -0.833023 0.566646 -0.790762 0.566601 -0.872083 0.667126 -0.913276 0.567056 -0.901307 0.566601 -0.872083 0.679775 -0.738461 0.567074 -0.76627 0.810402 -0.708496 0.96798 -0.713736 0.566646 -0.790762 0.679775 -0.738461 0.567074 -0.76627 0.667099 -0.828616 0.566359 -0.833023 0.810402 -0.708496 0.96798 -0.713736 0.993765 -0.749974 0.966042 -0.806615 0.978235 -0.833386 0.969034 -0.866527 0.988416 -0.905601 0.989994 -0.968281 0.934451 -0.986208 0.812428 -0.972088 0.993765 -0.749974 0.966042 -0.806615 0.978235 -0.833386 0.969034 -0.866527 0.988416 -0.905601 0.989994 -0.968281 0.934451 -0.986208 0.812428 -0.972088 0.989003 -0.128834 0.954502 -0.102625 0.98943 -0.104342 0.87049 -0.12901 0.878579 -0.168827 0.74526 -0.168186 0.880599 -0.201966 0.74526 -0.205313 0.74526 -0.243312 0.988716 -0.171095 0.988957 -0.210155 0.962837 -0.241287 0.989413 -0.239379 0.988957 -0.210155 0.873161 -0.2411 0.74524 -0.274733 0.694526 -0.285992 0.74526 -0.243312 0.954502 -0.102625 0.989003 -0.128834 0.98943 -0.104342 0.87049 -0.12901 0.859944 -0.096601 0.74526 -0.123724 0.74519 -0.083812 0.74526 -0.168186 0.878579 -0.168827 0.880599 -0.201966 0.988716 -0.171095 0.873161 -0.2411 0.859944 -0.096601 0.74526 -0.123724 0.74519 -0.083812 0.428224 -0.575833 0.533639 -0.585267 0.5179 -0.57602 0.531505 -0.604984 0.509364 -0.621476 0.493388 -0.641251 0.429196 -0.652256 0.369872 -0.624362 0.428224 -0.575833 0.369872 -0.624362 0.300303 -0.609466 0.429196 -0.652256 0.493388 -0.641251 0.479795 -0.738562 0.588213 -0.712766 0.574352 -0.744585 0.581408 -0.698526 0.535229 -0.692279 0.533639 -0.585267 0.5179 -0.57602 0.531505 -0.604984 0.74526 -0.205313 0.509364 -0.621476 0.588213 -0.712766 0.479795 -0.738562 0.574352 -0.744585 0.581408 -0.698526 0.535229 -0.692279 0.500515 -0.680055 0.458608 -0.679429 0.365041 -0.725772 0.500515 -0.680055 0.458608 -0.679429 0.365041 -0.725772 0.550137 -0.174624 0.441003 -0.102026 0.551009 -0.11264 0.44405 -0.176814 0.451101 -0.224195 0.357293 -0.227884 0.364963 -0.270883 0.307619 -0.272725 0.375421 -0.316931 0.310007 -0.321478 0.313012 -0.373212 0.441137 -0.047858 0.361287 -0.026654 0.441003 -0.102026 0.44405 -0.176814 0.550137 -0.174624 0.451101 -0.224195 0.551255 -0.21316 0.465094 -0.261663 0.553891 -0.258215 0.506739 -0.297779 0.556796 -0.288588 0.559273 -0.317949 0.357293 -0.227884 0.364963 -0.270883 0.307619 -0.272725 0.375421 -0.316931 0.310007 -0.321478 0.313012 -0.373212 0.314495 -0.427006 0.378261 -0.372723 0.426652 -0.310345 0.430617 -0.267099 0.465094 -0.261663 0.378261 -0.372723 0.382207 -0.42346 0.436054 -0.405698 0.433901 -0.366595 0.482639 -0.36998 0.466681 -0.306338 0.548452 -0.058445 0.441137 -0.047858 0.551255 -0.21316 0.553891 -0.258215 0.506739 -0.297779 0.556796 -0.288588 0.466681 -0.306338 0.433901 -0.366595 0.426652 -0.310345 0.517554 -0.33552 0.430617 -0.267099 0.352211 -0.536051 0.444066 -0.459182 0.459526 -0.546638 0.398487 -0.44117 0.335822 -0.470496 0.444066 -0.459182 0.352211 -0.536051 0.459526 -0.546638 0.398487 -0.44117 0.335822 -0.470496 0.272361 -0.52082 0.551009 -0.11264 0.548452 -0.058445 0.641535 -0.065766 0.642118 -0.118631 0.642118 -0.169252 0.642118 -0.208768 0.642118 -0.255473 0.641535 -0.065766 0.642118 -0.118631 0.642118 -0.169252 0.642118 -0.208768 0.645466 -0.29479 0.6128 -0.308538 0.645466 -0.29479 0.642118 -0.255473 0.421386 -0.829377 0.522844 -0.832466 0.470446 -0.820579 0.544891 -0.854005 0.546031 -0.875197 0.518522 -0.888663 0.468095 -0.892594 0.422158 -0.852926 0.522844 -0.832466 0.421386 -0.829377 0.470446 -0.820579 0.544891 -0.854005 0.546031 -0.875197 0.518522 -0.888663 0.468095 -0.892594 0.422158 -0.852926 0.564363 -0.512937 0.552608 -0.553959 0.552608 -0.553959 0.564363 -0.512937 0.38872 -0.843125 0.560655 -0.480726 0.519 -0.476581 0.486278 -0.462344 0.560655 -0.480726 0.519 -0.476581 0.486278 -0.462344 0 0 0 0 0 0 0 0 0 0 0 0 0 0 0 0 0 0 0 0 0 0 0 0 0 0 0 0 0 0 0 0 0 0 0 0 0 0 0 0 0 0 0 0 0 0 0 0 0 0 0 0 0 0 0 0 0 0 0 0 0 0 0 0 0 0 0 0 0 0 0 0 0 0 0 0 0 0 0 0 0 0 0 0 0 0 0 0 0 0 0 0 0 0 0 0 0 0 0 0 0 0 0 0 0 0 0 0 0 0 0 0 0 0 0 0 0 0 0 0 0 0 0 0 0 0 0 0 0 0 0 0 0 0 0 0 0 0 0 0 0 0 0 0 0 0 0 0 0 0 0 0 0 0 0 0 0 0 0 0 0 0 0 0 0 0 0 0 0 0 0 0 0 0 0 0 0 0 0 0 0 0 0 0 0 0 0 0 0 0 0 0 0 0 0 0 0 0 0 0 0 0 0 0 0 0 0 0 0 0 0 0 0 0 0 0 0 0 0 0 0 0 0 0 0 0 0 0 0 0 0 0 0 0 0 0 0 0 0 0 0 0 0 0 0 0 0 0 0 0 0 0 0 0 0 0 0 0 0 0 0 0 0 0 0 0 0 0 0 0 0 0 0 0 0 0 0 0 0 0 0 0 0 0 0 0 0 0 0 0 0 0 0 0 0 0 0 0 0 0 0 0 0 0 0 0 0 0 0 0 0 0 0 0 0 0 0 0 0 0 0 0 0 0 0 0 0 0 0 0 0 0 0 0 0 0 0 0 0 0 0 0 0 0 0 0 0 0 0 0 0 0 0 0 0 0 0 0 0 0 0 0 0 0 0 0 0 0 0 0 0 0 0 0 0 0 0 0 0 0 0 0 0 0 0 0 0 0 0 0 0 0 0 0 0 0 0 0 0 0 0 0 0 0 0 0 0 0 0 0 0 0 0 0 0 0 0 0 0 0 0 0 0 0 0 0 0 0 0 0 0 0 0 0 0 0 0 0 0 0 0 0 0 0 0 0 0 0 0 0 0 0 0 0 0 0 0 0 0 0 0 0 0 0 0 0 0 0 0 0 0 0 0 0 0 0 0 0 0 0 0 0 0 0 0 0 0 0 0 0 0 0 0 0 0 0 0 0 0 0 0 0 0 0 0 0 0 0 0 0 0 0 0 0 0 0 0 0 0 0 0 0 0 0 0 0 0 0 0 0 0 0 0 0 0 0 0 0 0 0 0 0 0 0 0 0 0 0 0 0 0 0 0 0 0 0 0 0 0 0 0 0 0 0 0 0 0 0 0 0 0 0 0 0 0 0 0 0 0 0 0 0 0 0 0 0 0 0 0 0 0 0 0 0 0 0 0 0 0 0 0 0 0 0 0 0 0 0 0 0 0 0 0 0 0 0 0 0 0 0 0 0 0 0 0 0 0 0 0 0 0 0 0 0 0 0 0 0 0 0 0 0 0 0 0 0 0 0 0 0 0 0 0 0 0 0 0 0 0 0 0 0 0 0 0 0 0 0 0 0 0 0 0 0 0 0 0 0 0 0 0 0 0 0 0 0 0 0 0 0 0 0 0 0 0 0 0 0 0 0 0 0 0 0 0 0 0 0 0 0 0 0 0 0 0 0 0 0 0 0 0 0 0 0 0 0 0 0 0 0 0 0 0 0 0 0 0 0 0 0 0 0 0 0 0 0 0 0 0 0 0 0 0 0 0 0 0 0 0 0 0 0 0 0 0 0 0 0 0 0 0 0 0 0 0 0 0 0 0 0 0 0 0 0 0 0 0 0 0 0 0 0 0 0 0 0 0 0 0 0 0 0 0 0 0 0 0 0 0 0 0 0 0 0 0 0 0 0 0 0 0 0 0 0 0 0 0 0 0 0 0 0 0 0 0 0 0 0 0 0 0 0 0 0 0 0 0 0 0 0 0 0 0 0 0 0 0 0 0 0 0 0 0 0 0 0 0 0 0 0 0 0 0 0 0 0 0 0 0 0 0 0 0 0 0 0 0 0 0 0 0 0 0 0 0 0 0 0 0 0 0 0 0 0 0 0 0 0 0 0 0 0 0 0 0 0 0 0 0 0 0 0 0 0 0 0 0 0 0 0 0 0 0 0 0 0 0 0 0 0 0 0 0 0 0 0 0 0 0 0 0 0 0 0 0 0 0 0 0 0 0 0 0 0 0 0 0 0 0 0 0 0 0 0 0 0 0 0 0 0 0 0 0 0 0 0 0 0 0 0 0 0 0 0 0 0 0 0 0 0 0 0 0 0 0 0 0 0 0 0 0 0 0 0 0 0 0 0 0 0 0 0 0 0 0 0 0 0 0 0 0 0 0 0 0 0 0 0 0 0 0 0 0 0 0 0 0 0 0 0 0 0 0 0 0 0 0 0 0 0 0 0 0 0 0 0 0 0 0 0 0 0 0 0 0 0 0 0 0 0 0 0 0 0 0 0 0 0 0 0 0 0 0 0 0 0 0 0 0 0 0 0 0 0 0 0 0 0 0 0 0 0 0 0 0 0 0 0 0 0 0 0 0 0 0 0 0 0 0 0 0 0 0 0 0 0 0 0 0 0 0 0 0 0 0 0 0 0 0 0 0 0 0 0 0 0 0 0 0 0 0 0 0 0 0 0 0 0 0 0 0 0 0 0 0 0 0 0 0 0 0 0 0 0 0 0 0 0 0 0 0 0 0 0 0 0 0 0 0 0 0 0 0 0 0 0 0 0 0 0 0 0 0 0 0 0 0 0 0 0 0 0 0 0 0 0 0 0 0 0 0 0 0 0 0 0 0 0 0 0 0 0 0 0 0 0 0 0 0 0 0 0 0 0 0 0 0 0 0 0 0 0 0 0 0 0 0 0 0 0 0 0 0 0 0 0 0 0 0 0 0 0 0 0 0 0 0 0 0 0 0 0 0 0 0 0 0 0 0 0 0 0 0 0 0 0 0 0 0 0 0 0 0 0 0 0 0 0 0 0 0 0 0 0 0 0 0 0 0 0 0 0 0 0 0 0 0 0 0 0 0 0 0 0 0 0 0 0 0 0 0 0 0 0 0 0 0 0 0 0 0 0 0 0 0 0 0 0 0 0 0 0 0 0 0 0 0 0 0 0 0 0 0 0 0 0 0 0 0 0 0 0 0 0 0 0 0 0 0 0 0 0 0 0 0 0 0 0 0 0 0 0 0 0 0 0 0 0 0 0 0 0 0 0 0 0 0 0 0 0 0 0 0 0 0 0 0 0 0 0 0 0 0 0 0 0 0 0 0 0 0 0 0 0 0 0 0 0 0 0 0 0 0 0 0 0 0 0 0 0 0 0 0 0 0 0 0 0 0 0 0 0 0 0 0 0 0 0 0 0 0 0 0 0 0 0 0 0 0 0 0 0 0 0 0 0 0 0 0 0 0 0 0 0 0 0 0 0 0 0 0 0 0 0 0 0 0 0 0 0 0 0 0 0 0 0 0 0 0 0 0 0 0 0 0 0 0 0 0 0 0 0 0 0 0 0 0 0 0 0 0 0 0 0 0 0 0 0 0 0 0 0 0 0 0 0 0 0 0 0 0 0 0 0 0 0 0 0 0 0 0 0 0 0 0 0 0 0 0 0 0 0 0 0 0 0 0 0 0 0 0 0 0 0 0 0 0 0 0 0 0 0 0 0 0 0 0 0 0 0 0 0 0 0 0 0 0 0 0 0 0 0 0 0 0 0 0 0 0 0 0 0 0 0 0 0 0 0 0 0 0 0 0 0 0 0 0 0 0 0 0 0 0 0 0 0 0 0 0 0 0 0 0 0 0 0 0 0 0 0 0 0 0 0 0 0 0 0 0 0 0 0 0 0 0 0 0 0 0 0 0 0 0 0 0 0 0 0 0 0 0 0 0 0 0 0 0 0 0 0 0 0 0 0 0 0 0 0 0 0 0 0 0 0 0 0 0 0 0 0 0 0 0 0 0 0 0 0 0 0 0 0 0 0 0 0 0 0 0 0 0 0 0 0 0 0 0 0 0 0 0 0 0 0 0 0 0 0 0 0 0 0 0 0 0 0 0 0 0 0 0 0 0 0 0 0 0 0 0 0 0 0 0 0 0 0 0 0 0 0 0 0 0 0 0 0 0 0 0 0 0 0 0 0 0 0 0 0 0 0 0 0 0 0 0 0 0 0 0 0 0 0 0 0 0 0 0 0 0 0 0 0 0 0 0 0 0 0 0 0 0 0 0 0 0 0 0 0 0 0 0 0 0 0 0 0 0 0 0 0 0 0 0 0 0 0 0 0 0 0 0 0 0 0 0 0 0 0 0 0 0 0 0 0 0 0 0 0 0 0 0 0 0 0 0 0 0 0 0 0 0 0 0 0 0 0 0 0 0 0 0 0 0 0 0 0 0 0 0 0 0 0 0 0 0 0 0 0 0 0 0 0 0 0 0 0 0 0 0 0 0 0 0 0 0 0 0 0 0 0 0 0 0 0 0 0 0 0 0 0 0 0 0 0 0 0 0 0 0 0 0 0 0 0 0 0 0 0 0 0 0 0 0 0 0 0 0 0 0 0 0 0 0 0 0 0 0 0 0 0 0 0 0 0 0 0 0 0 0 0 0 0 0 0 0 0 0 0 0 0 0 0 0 0 0 0 0 0 0 0 0 0 0 0 0 0 0 0 0 0 0 0 0 0 0 0 0 0 0 0 0 0 0 0 0 0 0 0 0 0 0 0 0 0 0 0 0 0 0 0 0 0 0 0 0 0 0 0 0 0 0 0 0 0 0 0 0 0 0 0 0 0 0 0 0 0 0 0 0 0 0 0 0 0 0 0 0 0 0 0 0 0 0 0 0 0 0 0 0 0 0 0 0 0 0 0 0 0 0 0 0 0 0 0 0 0 0 0 0 0 0 0 0 0 0 0 0 0 0 0 0 0 0 0 0 0 0 0 0 0 0 0 0 0 0 0 0 0 0 0 0 0 0 0 0 0 0 0 0 0 0 0 0 0 0 0 0 0 0 0 0 0 0 0 0 0 0 0 0 0 0 0 0 0 0 0 0 0 0 0 0 0 0 0 0 0 0 0 0 0 0 0 0 0 0 0 0 0 0 0 0 0 0 0 0 0 0 0 0 0 0 0 0 0 0 0 0 0 0 0 0 0 0 0 0 0 0 0 0 0 0 0 0 0 0 0 0 0 0 0 0 0 0 0 0 0 0 0 0 0 0 0 0 0 0 0 0 0 0 0 0 0 0 0 0 0 0 0 0 0 0 0 0 0 0 0 0 0 0 0 0 0 0 0 0 0 0 0 0 0 0 0 0 0 0 0 0 0 0 0 0 0 0 0 0 0 0 0 0 0 0 0 0 0 0 0 0 0 0 0 0 0 0 0 0 0 0 0 0 0 0 0 0 0 0 0 0 0 0 0 0 0 0 0 0 0 0 0 0 0 0 0 0 0 0 0 0 0 0 0 0 0 0 0 0 0 0 0 0 0 0 0 0 0 0 0 0 0 0 0 0 0 0 0 0 0 0 0 0 0 0 0 0 0 0 0 0 0 0 0 0 0 0 0 0 0 0 0 0 0 0 0 0 0 0 0 0 0 0 0 0 0 0 0 0 0 0 0 0 0 0 0 0 0 0 0 0 0 0 0 0 0 0 0 0 0 0 0 0 0 0 0 0 0 0 0 0 0 0 0 0 0 0 0 0 0 0 0 0 0 0 0 0 0 0 0 0 0 0 0 0 0 0 0 0 0 0 0 0 0 0 0 0 0 0 0 0 0 0 0 0 0 0 0 0 0 0 0 0 0 0 0 0 0 0 0 0 0 0 0 0 0 0 0 0 0 0 0 0 0 0 0 0 0 0 0 0 0 0 0 0 0 0 0 0 0 0 0 0 0 0 0 0 0 0 0 0 0 0 0 0 0 0 0 0 0 0 0 0 0 0 0 0 0 0 0 0 0 0 0 0 0 0 0 0 0 0 0 0 0 0 0 0 0 0 0 0 0 0 0 0 0 0 0 0 0 0 0 0 0 0 0 0 0 0 0 0 0 0 0 0 0 0 0 0 0 0 0 0 0 0 0 0 0 0 0 0 0 0 0 0 0 0 0 0 0 0 0 0 0 0 0 0 0 0 0 0 0 0 0 0 0 0 0 0 0 0 0 0 0 0 0 0 0 0 0 0 0 0 0 0 0 0 0 0 0 0 0 0 0 0 0 0 0 0 0 0 0 0 0 0 0 0 0 0 0 0 0 0 0 0 0 0 0 0 0 0 0 0 0 0 0 0 0 0 0 0 0 0 0 0 0 0 0 0 0 0 0 0 0 0 0 0 0 0 0 0 0 0 0 0 0 0 0 0 0 0 0 0 0 0 0 0 0 0 0 0 0 0 0 0 0 0 0 0 0 0 0 0 0 0 0 0 0 0 0 0 0 0 0 0 0 0 0 0 0 0 0 0 0 0 0 0 0 0 0 0 0 0 0 0 0 0 0 0 0 0 0 0 0 0 0 0 0 0 0 0 0 0 0 0 0 0 0 0 0 0 0 0 0 0 0 0 0 0 0 0 0 0 0 0 0 0 0 0 0 0 0 0 0 0 0 0 0 0 0 0 0 0 0 0 0 0 0 0 0 0 0 0 0 0 0 0 0 0 0 0 0 0 0 0 0 0 0 0 0 0 0 0 0 0 0 0 0 0 0 0 0 0 0 0 0 0 0 0 0 0 0 0 0 0 0 0 0 0 0 0 0 0 0 0 0 0 0 0 0 0 0 0 0 0 0 0 0 0 0 0 0 0 0 0 0 0 0 0 0 0 0 0 0 0 0 0 0 0 0 0 0 0 0 0 0 0 0 0 0 0 0 0 0 0 0 0 0 0 0 0 0 0 0 0 0 0 0 0 0 0 0 0 0 0 0 0 0 0 0 0 0 0 0 0 0 0 0 0 0 0 0 0 0 0 0 0 0 0 0 0 0 0 0 0 0 0 0 0 0 0 0 0 0 0 0 0 0 0 0 0 0 0 0 0 0 0 0 0 0 0 0 0 0 0 0 0 0 0 0 0 0 0 0 0 0 0 0 0 0 0 0 0 0 0 0 0 0 0 0 0 0 0 0 0 0 0 0 0 0 0 0 0 0 0 0 0 0 0 0 0 0 0 0 0 0 0 0 0 0 0 0 0 0 0 0 0 0 0 0 0 0 0 0 0 0 0 0 0 0 0 0 0 0 0 0 0 0 0 0 0 0 0 0 0 0 0 0 0 0 0 0 0 0 0 0 0 0 0 0 0 0 0 0 0 0 0 0 0 0 0 0 0 0 0 0 0 0 0 0 0 0 0 0 0 0 0 0 0 0 0 0 0 0 0 0 0 0 0 0 0 0 0 0 0 0 0 0 0 0 0 0 0 0 0 0 0 0 0 0 0 0 0 0 0 0 0 0 0 0 0 0 0 0 0 0 0 0 0 0 0 0 0 0 0 0 0 0 0 0 0 0 0 0 0 0 0 0 0 0 0 0 0 0 0 0 0 0 0 0 0 0 0 0 0 0 0 0 0 0 0 0 0 0 0 0 0 0 0 0 0 0 0 0 0 0 0 0 0 0 0 0 0 0 0 0 0 0 0 0 0 0 0 0 0 0 0 0 0 0 0 0 0 0 0 0 0 0 0 0 0 0 0 0 0 0 0 0 0 0 0 0 0 0 0 0 0 0 0 0 0 0 0 0 0 0 0 0 0 0 0 0 0 0 0 0 0 0 0 0 0 0 0 0 0 0 0 0 0 0 0 0 0 0 0 0 0 0 0 0 0 0 0 0 0 0 0 0 0 0 0 0 0 0 0 0 0 0 0 0 0 0 0 0 0 0 0 0 0 0 0 0 0 0 0 0 0 0 0 0 0 0 0 0 0 0 0 0 0 0 0 0 0 0 0 0 0 0 0 0 0 0 0 0 0 0 0 0 0 0 0 0 0 0 0 0 0 0 0 0 0 0 0 0 0 0 0 0 0 0 0 0 0 0 0 0 0 0 0 0 0 0 0 0 0 0 0 0 0 0 0 0 0 0 0 0 0 0 0 0 0 0 0 0 0 0 0 0 0 0 0 0 0 0 0 0 0 0 0 0 0 0 0 0 0 0 0 0 0 0 0 0 0 0 0 0 0 0 0 0 0 0 0 0 0 0 0 0 0 0 0 0 0 0 0 0 0 0 0 0 0 0 0 0 0 0 0 0 0 0 0 0 0 0 0 0 0 0 0 0 0 0 0 0 0 0 0 0 0 0 0 0 0 0 0 0 0 0 0 0 0 0 0 0 0 0 0 0 0 0 0 0 0 0 0 0 0 0 0 0 0 0 0 0 0 0 0 0 0 0 0 0 0 0 0 0 0 0 0 0 0 0 0 0 0 0 0 0 0 0 0 0 0 0 0 0 0 0 0 0 0 0 0 0 0 0 0 0 0 0 0 0 0 0 0 0 0 0 0 0 0 0 0 0 0 0 0 0 0 0 0 0 0 0 0 0 0 0 0 0 0 0 0 0 0 0 0 0 0 0 0 0 0 0 0 0 0 0 0 0 0 0 0 0 0 0 0 0 0 0 0 0 0 0 0 0 0 0 0 0 0 0 0 0 0 0 0 0 0 0 0 0 0 0 0 0 0 0 0 0 0 0 0 0 0 0 0 0 0 0 0 0 0 0 0 0 0 0 0 0 0 0 0 0 0 0 0 0 0 0 0 0 0 0 0 0 0 0 0 0 0 0 0 0 0 0 0 0 0 0 0 0 0 0 0 0 0 0 0 0 0 0 0 0 0 0 0 0 0 0 0 0 0 0 0 0 0 0 0 0 0 0 0 0 0 0 0 0 0 0 0 0 0 0 0 0 0 0 0 0 0 0 0 0 0 0 0 0 0 0 0 0 0 0 0 0 0 0 0 0 0 0 0 0 0 0 0 0 0 0 0 0 0 0 0 0 0 0 0 0 0 0 0 0 0 0 0 0 0 0 0 0 0 0 0 0 0 0 0 0 0 0 0 0 0 0 0 0 0 0 0 0 0 0 0 0 0 0 0 0 0 0 0 0 0 0 0 0 0 0 0 0 0 0 0 0 0 0 0 0 0 0 0 0 0 0 0 0 0 0 0 0 0 0 0 0 0 0 0 0 0 0 0 0 0 0 0 0 0 0 0 0 0 0 0 0 0 0 0 0 0 0 0 0 0 0 0 0 0 0 0 0 0 0 0 0 0 0 0 0 0 0 0 0 0 0 0 0 0 0 0 0 0 0 0 0 0 0 0 0 0 0 0 0 0 0 0 0 0 0 0 0 0 0 0 0 0 0 0 0 0 0 0 0 0 0 0 0 0 0 0 0 0 0 0 0 0 0 0 0 0 0 0 0 0 0 0 0 0 0 0 0 0 0 0 0 0 0 0 0 0 0 0 0 0 0 0 0 0 0 0 0 0 0 0 0 0 0 0 0 0 0 0 0 0 0 0 0 0 0 0 0 0 0 0 0 0 0 0 0 0 0 0 0</float_array>
          <technique_common>
            <accessor source="#GeometrySource2-array" count="2808" stride="2">
              <param name="S" type="float"/>
              <param name="T" type="float"/>
            </accessor>
          </technique_common>
        </source>
        <vertices id="Geometry-vertices">
          <input semantic="POSITION" source="#GeometrySource"/>
          <input semantic="NORMAL" source="#GeometrySource1"/>
          <input semantic="TEXCOORD" source="#GeometrySource2"/>
        </vertices>
        <triangles material="VisualMaterial0" count="936">
          <input semantic="VERTEX" source="#Geometry-vertices" offset="0"/>
          <p>1 2 0 3 1 0 3 0 4 5 3 4 5 4 6 7 5 6 7 6 8 9 7 8 9 8 10 12 13 11 14 12 11 14 11 15 16 14 15 16 15 17 18 16 17 18 17 19 20 18 19 22 23 21 24 22 21 24 21 25 26 24 25 26 25 27 28 26 27 28 27 29 30 28 29 7 9 31 32 7 31 32 31 33 34 32 33 34 33 35 36 34 35 36 35 37 39 40 38 41 39 38 41 38 42 43 41 42 43 42 30 44 43 30 44 30 29 46 40 45 47 46 45 47 45 48 49 47 48 49 48 50 51 49 50 34 36 52 5 34 52 5 52 53 3 5 53 3 53 54 55 46 47 56 55 47 56 47 49 10 56 49 10 49 51 15 11 57 17 15 57 17 57 58 19 17 58 60 61 59 62 60 59 62 59 63 54 62 63 64 16 18 65 64 18 65 18 20 66 65 20 48 39 41 67 48 41 67 41 43 44 67 43 68 22 24 69 68 24 69 24 26 28 69 26 23 60 62 21 23 62 21 62 70 71 21 70 30 42 72 73 30 72 73 72 74 75 73 74 75 76 61 69 75 61 69 61 60 68 69 60 35 33 77 70 35 77 70 77 78 71 70 78 80 81 79 82 80 79 82 79 83 85 86 84 87 85 84 87 84 88 89 48 67 90 89 67 90 67 44 92 93 91 94 92 91 94 91 95 97 98 96 99 97 96 99 96 100 101 88 84 102 101 84 102 84 103 105 106 104 107 105 104 107 104 108 109 83 79 110 109 79 112 113 111 114 112 111 116 117 115 118 116 115 116 120 119 117 116 119 32 34 5 7 32 5 122 123 121 124 122 121 8 6 125 55 8 125 122 127 126 123 122 126 56 10 8 55 56 8 76 129 128 61 76 128 96 131 130 100 96 130 132 108 104 133 132 104 134 95 91 135 134 91 62 54 53 37 62 53 62 37 35 70 62 35 136 109 110 137 136 110 65 66 138 139 65 138 6 4 140 125 6 140 142 143 141 144 142 141 73 75 69 28 73 69 144 112 114 142 144 114 116 118 145 103 116 145 12 14 16 136 137 146 65 139 64 124 147 122 25 21 71 30 73 28 149 150 148 151 149 148 151 148 152 153 151 152 153 152 154 155 153 154 155 154 156 158 159 157 160 158 157 160 157 161 162 160 161 162 161 163 164 162 163 164 163 165 167 168 166 169 167 166 169 166 170 171 169 170 171 170 172 173 171 172 174 175 161 176 174 161 176 161 177 178 176 177 178 177 179 180 156 154 181 180 154 181 154 152 182 181 152 183 180 181 184 183 181 184 181 182 185 184 182 187 188 186 189 187 186 189 186 190 191 189 190 192 183 184 193 192 184 193 184 185 2 1 194 140 2 194 140 194 125 40 196 195 38 40 195 38 195 197 199 200 198 201 199 198 199 201 202 203 199 202 153 155 149 151 153 149 204 199 203 205 204 203 205 207 206 204 205 206 162 209 208 160 162 208 55 125 194 210 55 194 46 55 210 211 46 210 40 46 211 196 40 211 213 214 212 215 213 212 216 213 215 217 216 215 218 128 129 74 218 129 218 74 72 42 218 72 197 218 42 38 197 42 175 165 163 161 175 163 157 179 177 161 157 177 220 179 219 221 220 219 221 219 222 223 221 222 223 222 224 225 223 224 225 224 226 227 225 226 227 226 228 229 227 228 229 228 230 232 233 231 234 232 231 234 231 235 236 234 235 236 235 237 238 236 237 238 237 228 226 238 228 220 221 239 240 220 239 240 239 241 242 240 241 242 241 243 244 242 243 244 243 245 179 157 246 219 179 246 219 246 247 222 219 247 222 247 248 249 222 248 230 228 237 250 230 237 250 237 235 251 250 235 251 235 231 233 253 252 231 233 252 231 252 254 251 231 254 241 239 255 256 241 255 256 255 257 258 256 257 256 258 259 243 256 259 243 259 245 253 162 164 252 253 164 260 238 226 224 260 226 249 260 224 222 249 224 243 241 256 262 263 261 264 262 261 264 261 165 265 264 165 265 165 175 266 265 175 266 175 174 267 266 174 267 174 268 269 267 268 269 268 270 271 269 270 271 270 272 273 271 272 273 272 274 275 273 274 275 274 276 277 275 276 277 276 278 279 277 278 279 278 280 281 279 280 265 266 282 283 265 282 283 282 284 285 283 284 285 284 277 286 285 277 286 277 279 281 286 279 288 289 287 262 288 287 262 287 290 263 262 290 263 290 291 292 263 291 292 291 293 266 267 269 282 266 269 282 269 271 284 282 271 284 271 294 277 284 294 277 294 275 270 296 295 272 270 295 272 295 297 274 272 297 274 297 298 299 274 298 285 286 300 301 285 300 301 300 288 302 301 288 302 288 264 265 302 264 303 293 291 304 303 291 304 291 290 305 304 290 305 290 287 263 292 306 261 263 306 261 306 307 165 261 307 165 307 164 309 310 308 311 309 308 311 308 312 313 311 312 313 312 314 286 281 315 300 286 315 300 315 316 288 300 316 298 318 317 299 298 317 299 317 280 278 299 280 320 321 319 322 320 319 322 319 323 324 322 323 326 327 325 328 326 325 328 325 318 329 328 318 252 164 307 254 252 307 254 307 306 176 178 296 268 176 296 268 296 270 302 265 283 301 302 283 301 283 285 331 332 330 333 331 330 335 336 334 337 335 334 323 331 333 324 323 333 275 294 271 273 275 271 338 339 315 340 338 315 326 338 340 327 326 340 342 343 341 314 342 341 335 337 344 345 335 344 278 276 274 299 278 274 314 312 342 268 174 176 288 262 264 254 306 346 251 254 346 251 346 347 250 251 347 250 347 348 230 250 348 230 348 349 229 230 349 229 349 350 351 229 350 351 350 352 353 351 352 353 352 354 355 353 354 355 354 356 357 355 356 357 356 358 258 357 358 258 358 359 259 258 359 259 359 360 245 259 360 245 360 361 244 245 361 244 361 362 363 244 362 348 347 364 365 348 364 365 364 366 367 365 366 367 366 368 369 367 368 369 368 303 370 369 303 370 303 371 372 370 371 372 371 373 374 372 373 374 373 375 376 374 375 376 375 377 378 376 377 378 377 379 380 378 379 227 229 351 381 227 351 381 351 353 382 381 353 382 353 383 384 382 383 384 383 385 386 384 385 386 385 387 388 386 387 388 387 257 389 388 257 389 257 255 390 389 255 390 255 239 391 390 239 293 303 368 392 293 368 392 368 366 393 392 366 393 366 394 395 393 394 395 394 396 397 395 396 397 396 398 399 397 398 399 398 306 292 399 306 401 402 400 403 401 400 403 400 404 405 403 404 405 404 406 407 405 406 407 406 408 409 407 408 410 370 372 411 410 372 411 372 374 412 411 374 412 374 376 359 412 376 359 376 360 349 348 365 413 349 365 413 365 414 415 413 414 415 414 411 354 415 411 354 411 356 416 329 318 417 416 318 417 318 418 363 417 418 363 418 419 420 363 419 420 419 295 422 423 421 424 422 421 424 421 425 426 424 425 426 425 427 428 426 427 429 382 384 430 429 384 430 384 386 431 430 386 431 386 390 391 431 390 242 244 363 432 242 363 432 363 420 296 432 420 296 420 295 350 349 413 433 350 413 433 413 415 352 433 415 352 415 354 435 436 434 437 435 434 437 434 438 439 437 438 439 438 440 377 375 373 441 377 373 441 373 442 443 441 442 443 442 444 445 362 361 446 445 361 446 361 447 448 446 447 448 447 449 414 365 367 410 414 367 410 367 369 370 410 369 442 304 305 450 442 305 450 305 287 289 450 287 395 397 399 451 395 399 451 399 292 293 451 292 392 393 395 452 392 395 452 395 451 293 452 451 454 455 453 428 454 453 428 453 456 426 428 456 387 385 383 457 387 383 457 383 355 357 457 355 458 336 335 459 458 335 459 335 460 442 373 371 304 442 371 304 371 303 225 227 381 461 225 381 461 381 382 356 411 412 358 356 412 358 412 359 463 464 462 465 463 462 465 462 466 467 466 462 468 467 462 468 462 469 470 469 462 471 470 462 471 462 472 474 475 473 476 474 473 396 394 477 398 396 477 315 339 478 316 315 478 379 377 441 443 379 441 440 438 449 447 440 449 479 407 409 480 479 409 476 479 480 474 476 480 223 225 461 481 223 461 221 223 481 239 221 481 455 483 482 453 455 482 457 357 258 257 457 258 178 179 220 240 178 220 386 388 389 390 386 389 432 296 178 240 432 178 450 289 484 485 450 484 391 429 430 431 391 430 360 380 486 361 360 486 360 376 378 380 360 378 418 318 298 297 418 298 297 295 419 418 297 419 435 450 485 436 435 485 394 366 364 477 394 364 483 488 487 482 483 487 489 330 332 309 490 310 432 240 242 411 414 410 293 392 452 442 450 444 352 350 433 257 387 457 355 383 353 491 341 343 321 320 492 460 335 345 464 472 462 494 495 493 496 494 493 496 493 497 498 496 497 498 497 499 495 501 500 493 495 500 493 500 502 503 493 502 505 506 504 507 505 504 507 504 508 499 507 508 509 505 507 510 509 507 510 507 511 512 511 507 513 512 507 513 507 514 515 514 507 516 515 507 516 507 517 518 517 507 497 518 507 497 507 499 493 503 519 520 493 519 493 520 521 522 493 521 493 522 523 524 493 523 493 524 525 526 493 525 526 497 493 528 529 527 530 528 527 530 527 531 532 530 531 532 531 533 534 532 533 534 533 535 531 527 536 533 531 536 533 536 537 538 533 537 538 537 539 540 538 539 533 538 541 535 533 541 535 541 542 543 535 542 543 542 544 546 547 545 548 546 545 548 545 549 550 548 549 550 549 551 548 550 552 553 548 552 553 552 554 555 553 554 555 554 540 538 540 554 556 538 554 556 554 544 542 556 544 558 559 557 530 558 557 530 557 528 561 562 560 563 561 560 563 560 564 565 564 560 566 565 560 566 560 567 569 570 568 571 569 568 571 568 572 574 575 573 576 574 573 576 573 577 568 579 578 580 568 578 581 544 554 552 581 554 553 555 546 548 553 546 568 580 582 572 568 582 584 585 583 586 584 583 584 586 587 588 584 587 573 590 589 591 573 589 584 588 592 593 584 592 530 532 558 567 560 570 577 573 591 595 596 594 597 595 594 597 594 598 599 597 598 599 598 600 601 599 600 601 600 602 603 601 602 603 602 604 33 603 604 33 604 77 605 606 89 607 605 89 607 89 608 609 607 608 609 608 610 611 609 610 611 610 612 613 611 612 613 612 614 615 613 614 615 614 616 610 608 617 618 610 617 618 617 619 620 618 619 620 619 621 622 620 621 622 621 25 71 622 25 623 77 604 624 623 604 624 604 602 625 624 602 625 602 600 626 625 600 626 600 598 627 626 598 628 622 623 629 628 623 629 623 624 630 629 624 630 624 631 632 630 631 632 631 633 634 596 595 635 634 595 635 595 50 606 635 50 606 50 48 89 606 48 598 594 636 627 598 636 627 636 637 638 627 637 638 637 639 616 638 639 632 614 640 641 632 640 641 640 642 628 641 642 628 642 620 622 628 620 50 595 597 51 50 597 51 597 599 10 51 599 10 599 9 633 627 638 632 633 638 632 638 643 614 632 643 614 643 616 608 89 90 617 608 90 617 90 44 29 617 44 603 33 31 601 603 31 601 31 9 599 601 9 640 614 612 644 640 612 644 612 610 618 644 610 631 624 625 633 631 625 633 625 626 627 633 626 646 647 645 648 646 645 648 645 649 78 77 623 71 78 623 71 623 622 651 652 650 653 651 650 651 653 654 655 651 654 607 609 656 657 607 656 27 25 621 619 27 621 29 27 619 617 29 619 642 640 644 618 642 644 630 632 641 628 630 641 645 655 649 605 607 657 638 616 643 642 618 620 630 628 629 658 559 558 659 658 558 659 558 532 660 659 532 660 532 534 661 660 534 661 534 662 637 661 662 637 662 639 550 551 663 664 550 663 664 663 656 665 664 656 665 656 609 666 665 609 666 609 611 613 666 611 662 543 667 639 662 667 639 667 668 616 639 668 616 668 615 596 659 660 594 596 660 594 660 661 636 594 661 636 661 637 615 668 669 670 615 669 670 669 543 544 670 543 672 673 671 674 672 671 674 671 675 676 675 671 677 676 671 677 671 678 662 534 535 543 662 535 552 550 664 665 552 664 581 552 665 666 581 665 680 681 679 682 680 679 680 682 683 684 680 683 680 684 685 686 680 685 596 634 658 659 596 658 670 544 581 666 670 581 670 666 613 615 670 613 688 647 687 690 652 689 691 680 686 678 671 691 663 657 656 692 687 647 693 692 647 693 647 694 652 690 695 696 652 695 652 696 697 650 652 697 694 647 646</p>
        </triangles>
      </mesh>
    </geometry>
    <geometry id="Geometry1" name="mesh1">
      <mesh>
        <source id="GeometrySource3" name="mesh1Pos">
          <float_array id="GeometrySource3-array" count="720">1.58243 0.703239 0.137327 1.65572 0.703184 0.36308 1.65573 0.835879 0.320001 1.65573 0.570511 0.319936 1.65576 0.488534 0.207049 1.84688 0.488479 0.432832 1.84692 0.35584 0.250175 2.08342 0.35584 0.250233 2.08348 0.355895 0.024496 2.27549 0.488568 0.067688 2.27551 0.5706 -0.045159 2.34882 0.703239 0.137514 2.27553 0.703294 -0.088238 2.27551 0.835968 -0.045095 2.08354 0.703328 -0.227798 2.08352 0.917997 -0.157989 1.84704 0.703328 -0.227856 1.84702 0.917997 -0.158047 1.65582 0.835968 -0.045246 1.6558 0.917942 0.067641 1.65576 0.917908 0.207154 1.84692 1.05058 0.250345 1.84688 0.917853 0.432936 2.08338 0.917853 0.432994 2.08336 0.70315 0.502697 2.27542 0.703184 0.363231 2.27543 0.570511 0.320087 2.27545 0.488534 0.2072 1.65583 0.703294 -0.088389 1.65582 0.5706 -0.045311 1.84702 0.488623 -0.158151 1.84698 0.355895 0.024439 2.08352 0.488623 -0.158094 1.84698 1.05064 0.024608 2.08348 1.05064 0.024666 2.08342 1.05058 0.250402 2.27545 0.917908 0.207305 2.27543 0.835879 0.320152 1.84686 0.70315 0.502639 2.08338 0.488479 0.432889 1.6558 0.488568 0.067536 2.27549 0.917942 0.067792 0 0 0 0 0 0 0 0 0 0 0 0 0 0 0 0 0 0 0 0 0 0 0 0 0 0 0 0 0 0 0 0 0 0 0 0 0 0 0 0 0 0 0 0 0 0 0 0 0 0 0 0 0 0 0 0 0 0 0 0 0 0 0 0 0 0 0 0 0 0 0 0 0 0 0 0 0 0 0 0 0 0 0 0 0 0 0 0 0 0 0 0 0 0 0 0 0 0 0 0 0 0 0 0 0 0 0 0 0 0 0 0 0 0 0 0 0 0 0 0 0 0 0 0 0 0 0 0 0 0 0 0 0 0 0 0 0 0 0 0 0 0 0 0 0 0 0 0 0 0 0 0 0 0 0 0 0 0 0 0 0 0 0 0 0 0 0 0 0 0 0 0 0 0 0 0 0 0 0 0 0 0 0 0 0 0 0 0 0 0 0 0 0 0 0 0 0 0 0 0 0 0 0 0 0 0 0 0 0 0 0 0 0 0 0 0 0 0 0 0 0 0 0 0 0 0 0 0 0 0 0 0 0 0 0 0 0 0 0 0 0 0 0 0 0 0 0 0 0 0 0 0 0 0 0 0 0 0 0 0 0 0 0 0 0 0 0 0 0 0 0 0 0 0 0 0 0 0 0 0 0 0 0 0 0 0 0 0 0 0 0 0 0 0 0 0 0 0 0 0 0 0 0 0 0 0 0 0 0 0 0 0 0 0 0 0 0 0 0 0 0 0 0 0 0 0 0 0 0 0 0 0 0 0 0 0 0 0 0 0 0 0 0 0 0 0 0 0 0 0 0 0 0 0 0 0 0 0 0 0 0 0 0 0 0 0 0 0 0 0 0 0 0 0 0 0 0 0 0 0 0 0 0 0 0 0 0 0 0 0 0 0 0 0 0 0 0 0 0 0 0 0 0 0 0 0 0 0 0 0 0 0 0 0 0 0 0 0 0 0 0 0 0 0 0 0 0 0 0 0 0 0 0 0 0 0 0 0 0 0 0 0 0 0 0 0 0 0 0 0 0 0 0 0 0 0 0 0 0 0 0 0 0 0 0 0 0 0 0 0 0 0 0 0 0 0 0 0 0 0 0 0 0 0 0 0 0 0 0 0 0 0 0 0 0 0 0 0 0 0 0 0 0 0 0 0 0 0 0 0 0 0 0 0 0 0 0 0 0 0 0 0 0 0 0 0 0 0 0 0 0 0 0 0 0 0 0 0 0 0 0 0 0 0 0 0 0 0 0 0 0 0 0 0 0 0 0 0 0 0 0 0 0 0 0 0 0 0 0 0 0 0 0 0 0 0 0 0 0 0 0 0 0 0 0 0 0 0 0 0 0 0 0 0</float_array>
          <technique_common>
            <accessor source="#GeometrySource3-array" count="240" stride="3">
              <param name="X" type="float"/>
              <param name="Y" type="float"/>
              <param name="Z" type="float"/>
            </accessor>
          </technique_common>
        </source>
        <source id="GeometrySource4" name="mesh1Nrm">
          <float_array id="GeometrySource4-array" count="720">-1 0.000000 -0.000243 -0.771828 0.054213 0.633515 -0.771792 0.416342 0.480621 -0.771807 -0.328619 0.544356 -0.771735 -0.585933 0.247199 -0.31117 -0.638352 0.704046 -0.311044 -0.930311 0.194354 0.311518 -0.90064 0.302993 0.311662 -0.906682 -0.284243 0.770906 -0.620392 -0.144281 0.770988 -0.416989 -0.481349 1 0.000000 0.000244 0.771026 -0.054313 -0.634484 0.771003 0.329113 -0.545196 0.311824 -0.009778 -0.950089 0.311779 0.550585 -0.774371 -0.310766 0.102569 -0.944936 -0.310823 0.638354 -0.704197 -0.77154 0.328624 -0.544731 -0.771613 0.585936 -0.247574 -0.77171 0.61944 0.144075 -0.311092 0.86692 0.389451 -0.311198 0.472394 0.824621 0.311406 0.566402 0.76303 0.31136 0.009778 0.950242 0.770716 0.054312 0.63486 0.770738 -0.329108 0.545573 0.770811 -0.586823 0.247968 -0.771519 -0.054214 -0.633892 -0.771556 -0.41634 -0.481001 -0.310795 -0.472396 -0.824772 -0.310901 -0.86692 -0.389603 0.311778 -0.566403 -0.762877 -0.31095 0.93031 -0.194508 0.311668 0.900638 -0.302844 0.311524 0.906682 0.284394 0.770836 0.620392 0.144656 0.770754 0.416992 0.481722 -0.311227 -0.102566 0.944785 0.311405 -0.550579 0.774526 -0.771639 -0.619441 -0.144454 0.770931 0.586826 -0.247591 0 0 0 0 0 0 0 0 0 0 0 0 0 0 0 0 0 0 0 0 0 0 0 0 0 0 0 0 0 0 0 0 0 0 0 0 0 0 0 0 0 0 0 0 0 0 0 0 0 0 0 0 0 0 0 0 0 0 0 0 0 0 0 0 0 0 0 0 0 0 0 0 0 0 0 0 0 0 0 0 0 0 0 0 0 0 0 0 0 0 0 0 0 0 0 0 0 0 0 0 0 0 0 0 0 0 0 0 0 0 0 0 0 0 0 0 0 0 0 0 0 0 0 0 0 0 0 0 0 0 0 0 0 0 0 0 0 0 0 0 0 0 0 0 0 0 0 0 0 0 0 0 0 0 0 0 0 0 0 0 0 0 0 0 0 0 0 0 0 0 0 0 0 0 0 0 0 0 0 0 0 0 0 0 0 0 0 0 0 0 0 0 0 0 0 0 0 0 0 0 0 0 0 0 0 0 0 0 0 0 0 0 0 0 0 0 0 0 0 0 0 0 0 0 0 0 0 0 0 0 0 0 0 0 0 0 0 0 0 0 0 0 0 0 0 0 0 0 0 0 0 0 0 0 0 0 0 0 0 0 0 0 0 0 0 0 0 0 0 0 0 0 0 0 0 0 0 0 0 0 0 0 0 0 0 0 0 0 0 0 0 0 0 0 0 0 0 0 0 0 0 0 0 0 0 0 0 0 0 0 0 0 0 0 0 0 0 0 0 0 0 0 0 0 0 0 0 0 0 0 0 0 0 0 0 0 0 0 0 0 0 0 0 0 0 0 0 0 0 0 0 0 0 0 0 0 0 0 0 0 0 0 0 0 0 0 0 0 0 0 0 0 0 0 0 0 0 0 0 0 0 0 0 0 0 0 0 0 0 0 0 0 0 0 0 0 0 0 0 0 0 0 0 0 0 0 0 0 0 0 0 0 0 0 0 0 0 0 0 0 0 0 0 0 0 0 0 0 0 0 0 0 0 0 0 0 0 0 0 0 0 0 0 0 0 0 0 0 0 0 0 0 0 0 0 0 0 0 0 0 0 0 0 0 0 0 0 0 0 0 0 0 0 0 0 0 0 0 0 0 0 0 0 0 0 0 0 0 0 0 0 0 0 0 0 0 0 0 0 0 0 0 0 0 0 0 0 0 0 0 0 0 0 0 0 0 0 0 0 0 0 0 0 0 0 0 0 0 0 0 0 0 0 0 0 0 0 0 0 0 0 0 0 0 0 0 0 0 0 0 0 0 0 0 0 0 0 0 0 0 0 0 0 0 0 0 0 0 0 0 0 0 0 0 0 0 0 0 0 0 0 0 0 0 0 0 0 0 0 0 0 0 0 0</float_array>
          <technique_common>
            <accessor source="#GeometrySource4-array" count="240" stride="3">
              <param name="X" type="float"/>
              <param name="Y" type="float"/>
              <param name="Z" type="float"/>
            </accessor>
          </technique_common>
        </source>
        <source id="GeometrySource5" name="mesh1UV">
          <float_array id="GeometrySource5-array" count="480">0.5 -0.5 0.5 -0.313113 0.384498 -0.348805 0.615502 -0.348805 0.686887 -0.442248 0.766635 -0.150969 0.931426 -0.366681 0.931426 -0.366681 0.931426 -0.633318 0.686887 -0.557751 0.615502 -0.651195 0.5 -0.5 0.5 -0.686887 0.384498 -0.651195 0.5 -0.931426 0.233364 -0.849031 0.5 -0.931426 0.233364 -0.849031 0.384498 -0.651195 0.313113 -0.557751 0.313113 -0.442248 0.068574 -0.366682 0.233365 -0.150969 0.233365 -0.150969 0.5 -0.068574 0.5 -0.313113 0.615502 -0.348805 0.686887 -0.442248 0.5 -0.686887 0.615502 -0.651195 0.766636 -0.849031 0.931426 -0.633318 0.766636 -0.849031 0.068574 -0.633318 0.068574 -0.633318 0.068574 -0.366682 0.313113 -0.442248 0.384498 -0.348805 0.5 -0.068574 0.766635 -0.150969 0.686887 -0.557751 0.313113 -0.557751 0 0 0 0 0 0 0 0 0 0 0 0 0 0 0 0 0 0 0 0 0 0 0 0 0 0 0 0 0 0 0 0 0 0 0 0 0 0 0 0 0 0 0 0 0 0 0 0 0 0 0 0 0 0 0 0 0 0 0 0 0 0 0 0 0 0 0 0 0 0 0 0 0 0 0 0 0 0 0 0 0 0 0 0 0 0 0 0 0 0 0 0 0 0 0 0 0 0 0 0 0 0 0 0 0 0 0 0 0 0 0 0 0 0 0 0 0 0 0 0 0 0 0 0 0 0 0 0 0 0 0 0 0 0 0 0 0 0 0 0 0 0 0 0 0 0 0 0 0 0 0 0 0 0 0 0 0 0 0 0 0 0 0 0 0 0 0 0 0 0 0 0 0 0 0 0 0 0 0 0 0 0 0 0 0 0 0 0 0 0 0 0 0 0 0 0 0 0 0 0 0 0 0 0 0 0 0 0 0 0 0 0 0 0 0 0 0 0 0 0 0 0 0 0 0 0 0 0 0 0 0 0 0 0 0 0 0 0 0 0 0 0 0 0 0 0 0 0 0 0 0 0 0 0 0 0 0 0 0 0 0 0 0 0 0 0 0 0 0 0 0 0 0 0 0 0 0 0 0 0 0 0 0 0 0 0 0 0 0 0 0 0 0 0 0 0 0 0 0 0 0 0 0 0 0 0 0 0 0 0 0 0 0 0 0 0 0 0 0 0 0 0 0 0 0 0 0 0 0 0 0 0 0 0 0 0 0 0 0 0 0 0 0 0 0 0 0 0 0 0 0 0 0 0 0 0 0 0 0 0 0 0 0 0 0 0 0 0 0 0 0 0 0 0 0 0 0 0 0 0 0 0 0 0 0 0 0 0 0 0 0 0 0 0 0 0</float_array>
          <technique_common>
            <accessor source="#GeometrySource5-array" count="240" stride="2">
              <param name="S" type="float"/>
              <param name="T" type="float"/>
            </accessor>
          </technique_common>
        </source>
        <vertices id="Geometry1-vertices">
          <input semantic="POSITION" source="#GeometrySource3"/>
          <input semantic="NORMAL" source="#GeometrySource4"/>
          <input semantic="TEXCOORD" source="#GeometrySource5"/>
        </vertices>
        <triangles material="VisualMaterial10" count="80">
          <input semantic="VERTEX" source="#Geometry1-vertices" offset="0"/>
          <p>1 2 0 3 1 0 3 0 4 5 3 4 5 4 6 7 5 6 7 6 8 9 7 8 9 8 10 11 9 10 11 10 12 13 11 12 13 12 14 15 13 14 15 14 16 17 15 16 17 16 18 19 17 18 19 18 0 20 19 0 20 0 2 21 20 2 21 2 22 23 21 22 23 22 24 25 23 24 25 24 26 11 25 26 11 26 27 9 11 27 9 27 7 0 18 28 29 0 28 29 28 30 31 29 30 31 30 32 8 31 32 8 32 10 17 19 33 34 17 33 34 33 35 36 34 35 36 35 37 11 36 37 11 37 25 28 18 16 30 28 16 30 16 14 32 30 14 32 14 12 10 32 12 22 2 1 38 22 1 38 1 3 5 38 3 24 22 38 39 24 38 39 38 5 7 39 5 31 8 6 40 31 6 40 6 4 0 40 4 15 17 34 41 15 34 41 34 36 11 41 36 26 24 39 27 26 39 27 39 7 40 0 29 31 40 29 33 19 20 21 33 20 41 11 13 15 41 13 35 33 21 23 35 21 37 35 23 25 37 23</p>
        </triangles>
      </mesh>
    </geometry>
    <geometry id="Geometry2" name="mesh2">
      <mesh>
        <source id="GeometrySource6" name="mesh2Pos">
          <float_array id="GeometrySource6-array" count="450">1.87845 1.09575 0.280569 2.10576 1.10269 0.150896 1.84492 1.11232 0.130808 1.98882 1.05359 0.379909 1.8619 0.868719 0.516582 2.09659 0.785163 0.534343 2.00908 0.537685 0.526551 2.21025 0.470701 0.394551 2.02907 0.312644 0.288907 2.08519 0.2973 0.14593 1.82345 0.304381 0.125762 1.68332 0.936931 0.355845 1.77438 0.621241 0.508791 1.90475 0.354042 0.370487 2.30105 0.445875 0.16321 2.29776 0.718179 0.402342 2.38856 0.693352 0.171002 2.2582 0.96055 0.309305 2.31431 0.945206 0.166329 1.62907 0.963745 0.113528 1.5958 0.689454 0.348054 1.54155 0.716268 0.105737 1.64933 0.44784 0.26017 1.6158 0.464412 0.110409 2.13387 1.00195 0.390886 1.7597 0.405683 0.35951 1.97486 0.705092 0.010144 1.84492 1.11232 0.130808 2.10576 1.10269 0.150896 1.62907 0.963745 0.113528 1.54155 0.716268 0.105737 1.6158 0.464412 0.110409 1.82345 0.304381 0.125762 2.08519 0.2973 0.14593 2.31431 0.945206 0.166329 2.38856 0.693352 0.171002 2.30105 0.445875 0.16321 0 0 0 0 0 0 0 0 0 0 0 0 0 0 0 0 0 0 0 0 0 0 0 0 0 0 0 0 0 0 0 0 0 0 0 0 0 0 0 0 0 0 0 0 0 0 0 0 0 0 0 0 0 0 0 0 0 0 0 0 0 0 0 0 0 0 0 0 0 0 0 0 0 0 0 0 0 0 0 0 0 0 0 0 0 0 0 0 0 0 0 0 0 0 0 0 0 0 0 0 0 0 0 0 0 0 0 0 0 0 0 0 0 0 0 0 0 0 0 0 0 0 0 0 0 0 0 0 0 0 0 0 0 0 0 0 0 0 0 0 0 0 0 0 0 0 0 0 0 0 0 0 0 0 0 0 0 0 0 0 0 0 0 0 0 0 0 0 0 0 0 0 0 0 0 0 0 0 0 0 0 0 0 0 0 0 0 0 0 0 0 0 0 0 0 0 0 0 0 0 0 0 0 0 0 0 0 0 0 0 0 0 0 0 0 0 0 0 0 0 0 0 0 0 0 0 0 0 0 0 0 0 0 0 0 0 0 0 0 0 0 0 0 0 0 0 0 0 0 0 0 0 0 0 0 0 0 0 0 0 0 0 0 0 0 0 0 0 0 0 0 0 0 0 0 0 0 0 0 0 0 0 0 0 0 0 0 0 0 0 0 0 0 0 0 0 0 0 0 0 0 0 0 0 0 0 0 0 0 0 0 0 0 0 0 0 0 0 0 0 0 0 0 0 0 0 0 0 0 0 0 0 0 0 0 0 0 0 0</float_array>
          <technique_common>
            <accessor source="#GeometrySource6-array" count="150" stride="3">
              <param name="X" type="float"/>
              <param name="Y" type="float"/>
              <param name="Z" type="float"/>
            </accessor>
          </technique_common>
        </source>
        <source id="GeometrySource7" name="mesh2Nrm">
          <float_array id="GeometrySource7-array" count="450">-0.224269 0.887281 0.403033 0.341378 0.930165 -0.135107 -0.308713 0.871463 -0.381115 0.075556 0.774155 0.62847 -0.232887 0.384886 0.893099 0.319409 0.188455 0.928689 0.093361 -0.392471 0.915014 0.569381 -0.551201 0.609904 0.163414 -0.889252 0.427232 0.36727 -0.867639 -0.335135 -0.316673 -0.929587 -0.188641 -0.656564 0.546462 0.519907 -0.457982 -0.195988 0.867088 -0.169015 -0.777321 0.605975 0.825443 -0.512457 -0.236712 0.789363 0.0322 0.613082 0.969724 0.062348 -0.23611 0.742853 0.545756 0.38771 0.73041 0.485372 -0.480536 -0.779685 0.51492 -0.356299 -0.874054 -0.036801 0.484433 -0.921994 -0.059763 -0.382565 -0.794777 -0.545337 0.26634 -0.650916 -0.477792 -0.589935 0.444963 0.643704 0.622617 -0.535011 -0.645957 0.544521 0.077028 0.004439 -0.997019 -0.308713 0.871463 -0.381115 0.341378 0.930165 -0.135107 -0.779685 0.51492 -0.356299 -0.921994 -0.059763 -0.382565 -0.650916 -0.477792 -0.589935 -0.316673 -0.929587 -0.188641 0.36727 -0.867639 -0.335135 0.73041 0.485372 -0.480536 0.969724 0.062348 -0.23611 0.825443 -0.512457 -0.236712 0 0 0 0 0 0 0 0 0 0 0 0 0 0 0 0 0 0 0 0 0 0 0 0 0 0 0 0 0 0 0 0 0 0 0 0 0 0 0 0 0 0 0 0 0 0 0 0 0 0 0 0 0 0 0 0 0 0 0 0 0 0 0 0 0 0 0 0 0 0 0 0 0 0 0 0 0 0 0 0 0 0 0 0 0 0 0 0 0 0 0 0 0 0 0 0 0 0 0 0 0 0 0 0 0 0 0 0 0 0 0 0 0 0 0 0 0 0 0 0 0 0 0 0 0 0 0 0 0 0 0 0 0 0 0 0 0 0 0 0 0 0 0 0 0 0 0 0 0 0 0 0 0 0 0 0 0 0 0 0 0 0 0 0 0 0 0 0 0 0 0 0 0 0 0 0 0 0 0 0 0 0 0 0 0 0 0 0 0 0 0 0 0 0 0 0 0 0 0 0 0 0 0 0 0 0 0 0 0 0 0 0 0 0 0 0 0 0 0 0 0 0 0 0 0 0 0 0 0 0 0 0 0 0 0 0 0 0 0 0 0 0 0 0 0 0 0 0 0 0 0 0 0 0 0 0 0 0 0 0 0 0 0 0 0 0 0 0 0 0 0 0 0 0 0 0 0 0 0 0 0 0 0 0 0 0 0 0 0 0 0 0 0 0 0 0 0 0 0 0 0 0 0 0 0 0 0 0 0 0 0 0 0 0 0 0 0 0 0 0 0 0 0 0 0 0 0 0 0 0 0 0 0 0 0 0 0 0 0</float_array>
          <technique_common>
            <accessor source="#GeometrySource7-array" count="150" stride="3">
              <param name="X" type="float"/>
              <param name="Y" type="float"/>
              <param name="Z" type="float"/>
            </accessor>
          </technique_common>
        </source>
        <source id="GeometrySource8" name="mesh2UV">
          <float_array id="GeometrySource8-array" count="300">0.182627 -0.731682 0.191891 -0.713731 0.190865 -0.737273 0.177421 -0.723319 0.163043 -0.730111 0.158784 -0.715996 0.14436 -0.720372 0.138757 -0.706667 0.124775 -0.718784 0.116543 -0.713187 0.115463 -0.736782 0.168664 -0.743809 0.148622 -0.734479 0.129974 -0.727157 0.130631 -0.693081 0.155912 -0.70148 0.155182 -0.685674 0.174256 -0.703873 0.178036 -0.694664 0.176794 -0.757389 0.151509 -0.748994 0.152254 -0.764802 0.133166 -0.746623 0.129402 -0.755844 0.17453 -0.713717 0.132877 -0.736769 0.327973 -0.674813 0.363155 -0.688351 0.363713 -0.663514 0.346522 -0.708375 0.322477 -0.713488 0.300576 -0.705115 0.287765 -0.684586 0.288208 -0.658538 0.350755 -0.643637 0.329077 -0.634841 0.30485 -0.638746 0 0 0 0 0 0 0 0 0 0 0 0 0 0 0 0 0 0 0 0 0 0 0 0 0 0 0 0 0 0 0 0 0 0 0 0 0 0 0 0 0 0 0 0 0 0 0 0 0 0 0 0 0 0 0 0 0 0 0 0 0 0 0 0 0 0 0 0 0 0 0 0 0 0 0 0 0 0 0 0 0 0 0 0 0 0 0 0 0 0 0 0 0 0 0 0 0 0 0 0 0 0 0 0 0 0 0 0 0 0 0 0 0 0 0 0 0 0 0 0 0 0 0 0 0 0 0 0 0 0 0 0 0 0 0 0 0 0 0 0 0 0 0 0 0 0 0 0 0 0 0 0 0 0 0 0 0 0 0 0 0 0 0 0 0 0 0 0 0 0 0 0 0 0 0 0 0 0 0 0 0 0 0 0 0 0 0 0 0 0 0 0 0 0 0 0 0 0 0 0 0 0 0 0 0 0 0 0 0 0 0 0 0 0 0 0 0 0 0 0 0 0 0 0 0 0</float_array>
          <technique_common>
            <accessor source="#GeometrySource8-array" count="150" stride="2">
              <param name="S" type="float"/>
              <param name="T" type="float"/>
            </accessor>
          </technique_common>
        </source>
        <vertices id="Geometry2-vertices">
          <input semantic="POSITION" source="#GeometrySource6"/>
          <input semantic="NORMAL" source="#GeometrySource7"/>
          <input semantic="TEXCOORD" source="#GeometrySource8"/>
        </vertices>
        <triangles material="VisualMaterial0" count="50">
          <input semantic="VERTEX" source="#Geometry2-vertices" offset="0"/>
          <p>1 2 0 3 1 0 3 0 4 5 3 4 5 4 6 7 5 6 7 6 8 9 7 8 9 8 10 0 2 11 4 0 11 4 11 12 6 4 12 6 12 13 8 6 13 8 13 10 7 9 14 15 7 14 15 14 16 17 15 16 17 16 18 1 17 18 11 2 19 20 11 19 20 19 21 22 20 21 22 21 23 10 22 23 5 7 15 24 5 15 24 15 17 1 24 17 12 11 20 25 12 20 25 20 22 10 25 22 27 28 26 29 27 26 29 26 30 31 30 26 32 31 26 32 26 33 26 28 34 35 26 34 26 35 36 33 26 36 24 1 3 5 24 3 13 12 25 10 13 25</p>
        </triangles>
      </mesh>
    </geometry>
    <geometry id="Geometry3" name="mesh3">
      <mesh>
        <source id="GeometrySource9" name="mesh3Pos">
          <float_array id="GeometrySource9-array" count="720">1.58243 -0.70386 0.137328 1.65572 -0.703915 0.363081 1.65573 -0.57122 0.320001 1.65573 -0.836588 0.319936 1.65576 -0.918565 0.207049 1.84688 -0.91862 0.432832 1.84692 -1.05126 0.250175 2.08342 -1.05126 0.250233 2.08348 -1.0512 0.024497 2.27549 -0.918531 0.067688 2.27551 -0.836499 -0.045159 2.34882 -0.70386 0.137515 2.27553 -0.703805 -0.088238 2.27551 -0.571131 -0.045094 2.08354 -0.703771 -0.227798 2.08352 -0.489101 -0.157989 1.84704 -0.703771 -0.227856 1.84702 -0.489101 -0.158046 1.65582 -0.571131 -0.045246 1.6558 -0.489156 0.067641 1.65576 -0.48919 0.207154 1.84692 -0.356516 0.250345 1.84688 -0.489245 0.432937 2.08338 -0.489245 0.432994 2.08336 -0.703949 0.502697 2.27542 -0.703915 0.363232 2.27543 -0.836588 0.320087 2.27545 -0.918565 0.2072 1.65583 -0.703805 -0.088389 1.65582 -0.836499 -0.04531 1.84702 -0.918476 -0.158151 1.84698 -1.0512 0.024439 2.08352 -0.918476 -0.158093 1.84698 -0.356461 0.024608 2.08348 -0.356461 0.024666 2.08342 -0.356516 0.250403 2.27545 -0.48919 0.207305 2.27543 -0.57122 0.320152 1.84686 -0.703949 0.502639 2.08338 -0.91862 0.432889 1.6558 -0.918531 0.067537 2.27549 -0.489156 0.067793 0 0 0 0 0 0 0 0 0 0 0 0 0 0 0 0 0 0 0 0 0 0 0 0 0 0 0 0 0 0 0 0 0 0 0 0 0 0 0 0 0 0 0 0 0 0 0 0 0 0 0 0 0 0 0 0 0 0 0 0 0 0 0 0 0 0 0 0 0 0 0 0 0 0 0 0 0 0 0 0 0 0 0 0 0 0 0 0 0 0 0 0 0 0 0 0 0 0 0 0 0 0 0 0 0 0 0 0 0 0 0 0 0 0 0 0 0 0 0 0 0 0 0 0 0 0 0 0 0 0 0 0 0 0 0 0 0 0 0 0 0 0 0 0 0 0 0 0 0 0 0 0 0 0 0 0 0 0 0 0 0 0 0 0 0 0 0 0 0 0 0 0 0 0 0 0 0 0 0 0 0 0 0 0 0 0 0 0 0 0 0 0 0 0 0 0 0 0 0 0 0 0 0 0 0 0 0 0 0 0 0 0 0 0 0 0 0 0 0 0 0 0 0 0 0 0 0 0 0 0 0 0 0 0 0 0 0 0 0 0 0 0 0 0 0 0 0 0 0 0 0 0 0 0 0 0 0 0 0 0 0 0 0 0 0 0 0 0 0 0 0 0 0 0 0 0 0 0 0 0 0 0 0 0 0 0 0 0 0 0 0 0 0 0 0 0 0 0 0 0 0 0 0 0 0 0 0 0 0 0 0 0 0 0 0 0 0 0 0 0 0 0 0 0 0 0 0 0 0 0 0 0 0 0 0 0 0 0 0 0 0 0 0 0 0 0 0 0 0 0 0 0 0 0 0 0 0 0 0 0 0 0 0 0 0 0 0 0 0 0 0 0 0 0 0 0 0 0 0 0 0 0 0 0 0 0 0 0 0 0 0 0 0 0 0 0 0 0 0 0 0 0 0 0 0 0 0 0 0 0 0 0 0 0 0 0 0 0 0 0 0 0 0 0 0 0 0 0 0 0 0 0 0 0 0 0 0 0 0 0 0 0 0 0 0 0 0 0 0 0 0 0 0 0 0 0 0 0 0 0 0 0 0 0 0 0 0 0 0 0 0 0 0 0 0 0 0 0 0 0 0 0 0 0 0 0 0 0 0 0 0 0 0 0 0 0 0 0 0 0 0 0 0 0 0 0 0 0 0 0 0 0 0 0 0 0 0 0 0 0 0 0 0 0 0 0 0 0 0 0 0 0 0 0 0 0 0 0 0 0 0 0 0 0 0 0 0 0 0 0 0 0 0 0 0 0 0 0 0 0 0 0 0 0 0 0 0 0 0 0 0 0 0 0 0 0 0 0 0 0 0 0 0 0 0 0 0 0 0 0 0 0 0 0</float_array>
          <technique_common>
            <accessor source="#GeometrySource9-array" count="240" stride="3">
              <param name="X" type="float"/>
              <param name="Y" type="float"/>
              <param name="Z" type="float"/>
            </accessor>
          </technique_common>
        </source>
        <source id="GeometrySource10" name="mesh3Nrm">
          <float_array id="GeometrySource10-array" count="720">-1 0.000000 -0.000243 -0.771829 0.054213 0.633515 -0.771791 0.416342 0.480622 -0.771807 -0.328619 0.544356 -0.771735 -0.585933 0.247199 -0.31117 -0.638352 0.704046 -0.311044 -0.930311 0.194354 0.311518 -0.90064 0.302993 0.311662 -0.906682 -0.284243 0.770906 -0.620392 -0.144281 0.770988 -0.416989 -0.481349 1 0.000000 0.000244 0.771026 -0.054313 -0.634484 0.771004 0.329111 -0.545197 0.311825 -0.009778 -0.950089 0.31178 0.550584 -0.774371 -0.310766 0.102568 -0.944936 -0.310823 0.638355 -0.704196 -0.771541 0.328622 -0.544732 -0.771613 0.585935 -0.247575 -0.771709 0.619441 0.144077 -0.311091 0.86692 0.38945 -0.311198 0.472394 0.824621 0.311407 0.566403 0.763029 0.31136 0.009777 0.950242 0.770716 0.054312 0.63486 0.770738 -0.329108 0.545573 0.770811 -0.586823 0.247968 -0.771519 -0.054214 -0.633892 -0.771556 -0.41634 -0.481001 -0.310795 -0.472396 -0.824772 -0.310901 -0.86692 -0.389603 0.311778 -0.566403 -0.762877 -0.310949 0.930311 -0.194507 0.311666 0.900639 -0.302842 0.311523 0.906683 0.284394 0.770836 0.620392 0.144658 0.770754 0.416991 0.481723 -0.311227 -0.102567 0.944785 0.311405 -0.550579 0.774525 -0.771639 -0.619441 -0.144454 0.770931 0.586825 -0.247591 0 0 0 0 0 0 0 0 0 0 0 0 0 0 0 0 0 0 0 0 0 0 0 0 0 0 0 0 0 0 0 0 0 0 0 0 0 0 0 0 0 0 0 0 0 0 0 0 0 0 0 0 0 0 0 0 0 0 0 0 0 0 0 0 0 0 0 0 0 0 0 0 0 0 0 0 0 0 0 0 0 0 0 0 0 0 0 0 0 0 0 0 0 0 0 0 0 0 0 0 0 0 0 0 0 0 0 0 0 0 0 0 0 0 0 0 0 0 0 0 0 0 0 0 0 0 0 0 0 0 0 0 0 0 0 0 0 0 0 0 0 0 0 0 0 0 0 0 0 0 0 0 0 0 0 0 0 0 0 0 0 0 0 0 0 0 0 0 0 0 0 0 0 0 0 0 0 0 0 0 0 0 0 0 0 0 0 0 0 0 0 0 0 0 0 0 0 0 0 0 0 0 0 0 0 0 0 0 0 0 0 0 0 0 0 0 0 0 0 0 0 0 0 0 0 0 0 0 0 0 0 0 0 0 0 0 0 0 0 0 0 0 0 0 0 0 0 0 0 0 0 0 0 0 0 0 0 0 0 0 0 0 0 0 0 0 0 0 0 0 0 0 0 0 0 0 0 0 0 0 0 0 0 0 0 0 0 0 0 0 0 0 0 0 0 0 0 0 0 0 0 0 0 0 0 0 0 0 0 0 0 0 0 0 0 0 0 0 0 0 0 0 0 0 0 0 0 0 0 0 0 0 0 0 0 0 0 0 0 0 0 0 0 0 0 0 0 0 0 0 0 0 0 0 0 0 0 0 0 0 0 0 0 0 0 0 0 0 0 0 0 0 0 0 0 0 0 0 0 0 0 0 0 0 0 0 0 0 0 0 0 0 0 0 0 0 0 0 0 0 0 0 0 0 0 0 0 0 0 0 0 0 0 0 0 0 0 0 0 0 0 0 0 0 0 0 0 0 0 0 0 0 0 0 0 0 0 0 0 0 0 0 0 0 0 0 0 0 0 0 0 0 0 0 0 0 0 0 0 0 0 0 0 0 0 0 0 0 0 0 0 0 0 0 0 0 0 0 0 0 0 0 0 0 0 0 0 0 0 0 0 0 0 0 0 0 0 0 0 0 0 0 0 0 0 0 0 0 0 0 0 0 0 0 0 0 0 0 0 0 0 0 0 0 0 0 0 0 0 0 0 0 0 0 0 0 0 0 0 0 0 0 0 0 0 0 0 0 0 0 0 0 0 0 0 0 0 0 0 0 0 0 0 0 0 0 0 0 0 0 0 0 0 0 0 0 0 0 0 0 0 0 0 0 0 0 0 0 0 0 0 0 0 0</float_array>
          <technique_common>
            <accessor source="#GeometrySource10-array" count="240" stride="3">
              <param name="X" type="float"/>
              <param name="Y" type="float"/>
              <param name="Z" type="float"/>
            </accessor>
          </technique_common>
        </source>
        <source id="GeometrySource11" name="mesh3UV">
          <float_array id="GeometrySource11-array" count="480">0.5 -0.5 0.5 -0.313113 0.384498 -0.348805 0.615502 -0.348805 0.686887 -0.442248 0.766635 -0.150969 0.931426 -0.366681 0.931426 -0.366681 0.931426 -0.633318 0.686887 -0.557751 0.615502 -0.651195 0.5 -0.5 0.5 -0.686887 0.384498 -0.651195 0.5 -0.931426 0.233364 -0.849031 0.5 -0.931426 0.233364 -0.849031 0.384498 -0.651195 0.313113 -0.557751 0.313113 -0.442248 0.068574 -0.366682 0.233365 -0.150969 0.233365 -0.150969 0.5 -0.068574 0.5 -0.313113 0.615502 -0.348805 0.686887 -0.442248 0.5 -0.686887 0.615502 -0.651195 0.766636 -0.849031 0.931426 -0.633318 0.766636 -0.849031 0.068574 -0.633318 0.068574 -0.633318 0.068574 -0.366682 0.313113 -0.442248 0.384498 -0.348805 0.5 -0.068574 0.766635 -0.150969 0.686887 -0.557751 0.313113 -0.557751 0 0 0 0 0 0 0 0 0 0 0 0 0 0 0 0 0 0 0 0 0 0 0 0 0 0 0 0 0 0 0 0 0 0 0 0 0 0 0 0 0 0 0 0 0 0 0 0 0 0 0 0 0 0 0 0 0 0 0 0 0 0 0 0 0 0 0 0 0 0 0 0 0 0 0 0 0 0 0 0 0 0 0 0 0 0 0 0 0 0 0 0 0 0 0 0 0 0 0 0 0 0 0 0 0 0 0 0 0 0 0 0 0 0 0 0 0 0 0 0 0 0 0 0 0 0 0 0 0 0 0 0 0 0 0 0 0 0 0 0 0 0 0 0 0 0 0 0 0 0 0 0 0 0 0 0 0 0 0 0 0 0 0 0 0 0 0 0 0 0 0 0 0 0 0 0 0 0 0 0 0 0 0 0 0 0 0 0 0 0 0 0 0 0 0 0 0 0 0 0 0 0 0 0 0 0 0 0 0 0 0 0 0 0 0 0 0 0 0 0 0 0 0 0 0 0 0 0 0 0 0 0 0 0 0 0 0 0 0 0 0 0 0 0 0 0 0 0 0 0 0 0 0 0 0 0 0 0 0 0 0 0 0 0 0 0 0 0 0 0 0 0 0 0 0 0 0 0 0 0 0 0 0 0 0 0 0 0 0 0 0 0 0 0 0 0 0 0 0 0 0 0 0 0 0 0 0 0 0 0 0 0 0 0 0 0 0 0 0 0 0 0 0 0 0 0 0 0 0 0 0 0 0 0 0 0 0 0 0 0 0 0 0 0 0 0 0 0 0 0 0 0 0 0 0 0 0 0 0 0 0 0 0 0 0 0 0 0 0 0 0 0 0 0 0 0 0 0 0 0 0 0 0 0 0 0 0 0 0 0 0 0 0 0 0 0</float_array>
          <technique_common>
            <accessor source="#GeometrySource11-array" count="240" stride="2">
              <param name="S" type="float"/>
              <param name="T" type="float"/>
            </accessor>
          </technique_common>
        </source>
        <vertices id="Geometry3-vertices">
          <input semantic="POSITION" source="#GeometrySource9"/>
          <input semantic="NORMAL" source="#GeometrySource10"/>
          <input semantic="TEXCOORD" source="#GeometrySource11"/>
        </vertices>
        <triangles material="VisualMaterial10" count="80">
          <input semantic="VERTEX" source="#Geometry3-vertices" offset="0"/>
          <p>1 2 0 3 1 0 3 0 4 5 3 4 5 4 6 7 5 6 7 6 8 9 7 8 9 8 10 11 9 10 11 10 12 13 11 12 13 12 14 15 13 14 15 14 16 17 15 16 17 16 18 19 17 18 19 18 0 20 19 0 20 0 2 21 20 2 21 2 22 23 21 22 23 22 24 25 23 24 25 24 26 11 25 26 11 26 27 9 11 27 9 27 7 0 18 28 29 0 28 29 28 30 31 29 30 31 30 32 8 31 32 8 32 10 17 19 33 34 17 33 34 33 35 36 34 35 36 35 37 11 36 37 11 37 25 28 18 16 30 28 16 30 16 14 32 30 14 32 14 12 10 32 12 22 2 1 38 22 1 38 1 3 5 38 3 24 22 38 39 24 38 39 38 5 7 39 5 31 8 6 40 31 6 40 6 4 0 40 4 15 17 34 41 15 34 41 34 36 11 41 36 26 24 39 27 26 39 27 39 7 40 0 29 31 40 29 33 19 20 21 33 20 41 11 13 15 41 13 35 33 21 23 35 21 37 35 23 25 37 23</p>
        </triangles>
      </mesh>
    </geometry>
    <geometry id="Geometry4" name="mesh4">
      <mesh>
        <source id="GeometrySource12" name="mesh4Pos">
          <float_array id="GeometrySource12-array" count="450">2.25996 -0.960666 0.308408 2.10753 -1.10281 0.149999 2.31608 -0.945322 0.165432 2.13563 -1.00206 0.389988 2.09836 -0.785279 0.533445 1.86366 -0.868836 0.515685 1.77615 -0.621358 0.507893 1.59757 -0.68957 0.347156 1.65109 -0.447957 0.259273 1.61757 -0.464528 0.109512 1.82522 -0.304497 0.124865 2.29953 -0.718295 0.401445 2.01084 -0.537802 0.525654 1.76146 -0.405799 0.358613 1.54332 -0.716384 0.104839 1.68508 -0.937048 0.354948 1.63083 -0.963862 0.112631 1.88022 -1.09586 0.279672 1.84669 -1.11243 0.129911 2.39033 -0.693469 0.170104 2.21201 -0.470818 0.393653 2.30281 -0.445991 0.162313 2.03084 -0.31276 0.288009 2.08696 -0.297417 0.145033 1.99058 -1.0537 0.379012 1.90651 -0.354159 0.36959 1.97663 -0.705209 0.009246 2.31608 -0.945322 0.165432 2.10753 -1.10281 0.149999 2.39033 -0.693469 0.170104 2.30281 -0.445991 0.162313 2.08696 -0.297417 0.145033 1.82522 -0.304497 0.124865 1.61757 -0.464528 0.109512 1.84669 -1.11243 0.129911 1.63083 -0.963862 0.112631 1.54332 -0.716384 0.104839 0 0 0 0 0 0 0 0 0 0 0 0 0 0 0 0 0 0 0 0 0 0 0 0 0 0 0 0 0 0 0 0 0 0 0 0 0 0 0 0 0 0 0 0 0 0 0 0 0 0 0 0 0 0 0 0 0 0 0 0 0 0 0 0 0 0 0 0 0 0 0 0 0 0 0 0 0 0 0 0 0 0 0 0 0 0 0 0 0 0 0 0 0 0 0 0 0 0 0 0 0 0 0 0 0 0 0 0 0 0 0 0 0 0 0 0 0 0 0 0 0 0 0 0 0 0 0 0 0 0 0 0 0 0 0 0 0 0 0 0 0 0 0 0 0 0 0 0 0 0 0 0 0 0 0 0 0 0 0 0 0 0 0 0 0 0 0 0 0 0 0 0 0 0 0 0 0 0 0 0 0 0 0 0 0 0 0 0 0 0 0 0 0 0 0 0 0 0 0 0 0 0 0 0 0 0 0 0 0 0 0 0 0 0 0 0 0 0 0 0 0 0 0 0 0 0 0 0 0 0 0 0 0 0 0 0 0 0 0 0 0 0 0 0 0 0 0 0 0 0 0 0 0 0 0 0 0 0 0 0 0 0 0 0 0 0 0 0 0 0 0 0 0 0 0 0 0 0 0 0 0 0 0 0 0 0 0 0 0 0 0 0 0 0 0 0 0 0 0 0 0 0 0 0 0 0 0 0 0 0 0 0 0 0 0 0 0 0 0 0 0 0 0 0 0 0 0 0 0 0 0 0 0 0 0 0 0 0 0</float_array>
          <technique_common>
            <accessor source="#GeometrySource12-array" count="150" stride="3">
              <param name="X" type="float"/>
              <param name="Y" type="float"/>
              <param name="Z" type="float"/>
            </accessor>
          </technique_common>
        </source>
        <source id="GeometrySource13" name="mesh4Nrm">
          <float_array id="GeometrySource13-array" count="450">0.675808 -0.566838 0.471145 0.341378 -0.930165 -0.135107 0.835346 -0.464159 -0.29454 0.344874 -0.678274 0.648851 0.30104 -0.194799 0.933503 -0.250304 -0.391282 0.885577 -0.440566 0.202383 0.87461 -0.864243 0.040807 0.501418 -0.741388 0.567127 0.358763 -0.782078 0.458452 -0.422109 -0.316674 0.929587 -0.188641 0.777059 -0.036068 0.628393 0.11173 0.398815 0.910199 -0.440245 0.680759 0.58545 -0.922894 -0.10998 -0.369013 -0.666375 -0.550467 0.502922 -0.672097 -0.646864 -0.360351 -0.277734 -0.909102 0.31048 -0.190133 -0.813102 -0.550196 0.968642 0.107513 -0.223996 0.581685 0.555069 0.594594 0.71984 0.644284 -0.258321 0.230365 0.910304 0.343916 0.277063 0.808169 -0.519711 -0.019346 -0.809006 0.587481 -0.069068 0.81184 0.57978 0.077028 -0.004439 -0.997019 0.835346 -0.464159 -0.29454 0.341378 -0.930165 -0.135107 0.968642 0.107513 -0.223996 0.71984 0.644284 -0.258321 0.277063 0.808169 -0.519711 -0.316674 0.929587 -0.188641 -0.782078 0.458452 -0.422109 -0.190133 -0.813102 -0.550196 -0.672097 -0.646864 -0.360351 -0.922894 -0.10998 -0.369013 0 0 0 0 0 0 0 0 0 0 0 0 0 0 0 0 0 0 0 0 0 0 0 0 0 0 0 0 0 0 0 0 0 0 0 0 0 0 0 0 0 0 0 0 0 0 0 0 0 0 0 0 0 0 0 0 0 0 0 0 0 0 0 0 0 0 0 0 0 0 0 0 0 0 0 0 0 0 0 0 0 0 0 0 0 0 0 0 0 0 0 0 0 0 0 0 0 0 0 0 0 0 0 0 0 0 0 0 0 0 0 0 0 0 0 0 0 0 0 0 0 0 0 0 0 0 0 0 0 0 0 0 0 0 0 0 0 0 0 0 0 0 0 0 0 0 0 0 0 0 0 0 0 0 0 0 0 0 0 0 0 0 0 0 0 0 0 0 0 0 0 0 0 0 0 0 0 0 0 0 0 0 0 0 0 0 0 0 0 0 0 0 0 0 0 0 0 0 0 0 0 0 0 0 0 0 0 0 0 0 0 0 0 0 0 0 0 0 0 0 0 0 0 0 0 0 0 0 0 0 0 0 0 0 0 0 0 0 0 0 0 0 0 0 0 0 0 0 0 0 0 0 0 0 0 0 0 0 0 0 0 0 0 0 0 0 0 0 0 0 0 0 0 0 0 0 0 0 0 0 0 0 0 0 0 0 0 0 0 0 0 0 0 0 0 0 0 0 0 0 0 0 0 0 0 0 0 0 0 0 0 0 0 0 0 0 0 0 0 0 0 0 0 0 0 0 0 0 0 0 0 0 0 0 0 0 0 0 0</float_array>
          <technique_common>
            <accessor source="#GeometrySource13-array" count="150" stride="3">
              <param name="X" type="float"/>
              <param name="Y" type="float"/>
              <param name="Z" type="float"/>
            </accessor>
          </technique_common>
        </source>
        <source id="GeometrySource14" name="mesh4UV">
          <float_array id="GeometrySource14-array" count="300">0.182627 -0.731682 0.191891 -0.713731 0.190865 -0.737273 0.177421 -0.723319 0.163043 -0.730111 0.158784 -0.715996 0.14436 -0.720372 0.138757 -0.706667 0.124775 -0.718784 0.116543 -0.713187 0.115463 -0.736782 0.168664 -0.743809 0.148622 -0.734479 0.129974 -0.727157 0.130631 -0.693081 0.155912 -0.70148 0.155182 -0.685674 0.174256 -0.703873 0.178036 -0.694664 0.176794 -0.757389 0.151509 -0.748994 0.152254 -0.764802 0.133166 -0.746623 0.129402 -0.755844 0.17453 -0.713717 0.132877 -0.736769 0.327973 -0.674813 0.363155 -0.688351 0.363713 -0.663514 0.346522 -0.708375 0.322477 -0.713488 0.300576 -0.705115 0.287765 -0.684586 0.288208 -0.658538 0.350755 -0.643637 0.329077 -0.634841 0.30485 -0.638746 0 0 0 0 0 0 0 0 0 0 0 0 0 0 0 0 0 0 0 0 0 0 0 0 0 0 0 0 0 0 0 0 0 0 0 0 0 0 0 0 0 0 0 0 0 0 0 0 0 0 0 0 0 0 0 0 0 0 0 0 0 0 0 0 0 0 0 0 0 0 0 0 0 0 0 0 0 0 0 0 0 0 0 0 0 0 0 0 0 0 0 0 0 0 0 0 0 0 0 0 0 0 0 0 0 0 0 0 0 0 0 0 0 0 0 0 0 0 0 0 0 0 0 0 0 0 0 0 0 0 0 0 0 0 0 0 0 0 0 0 0 0 0 0 0 0 0 0 0 0 0 0 0 0 0 0 0 0 0 0 0 0 0 0 0 0 0 0 0 0 0 0 0 0 0 0 0 0 0 0 0 0 0 0 0 0 0 0 0 0 0 0 0 0 0 0 0 0 0 0 0 0 0 0 0 0 0 0 0 0 0 0 0 0 0 0 0 0 0 0 0 0 0 0 0 0</float_array>
          <technique_common>
            <accessor source="#GeometrySource14-array" count="150" stride="2">
              <param name="S" type="float"/>
              <param name="T" type="float"/>
            </accessor>
          </technique_common>
        </source>
        <vertices id="Geometry4-vertices">
          <input semantic="POSITION" source="#GeometrySource12"/>
          <input semantic="NORMAL" source="#GeometrySource13"/>
          <input semantic="TEXCOORD" source="#GeometrySource14"/>
        </vertices>
        <triangles material="VisualMaterial0" count="50">
          <input semantic="VERTEX" source="#Geometry4-vertices" offset="0"/>
          <p>1 2 0 3 1 0 3 0 4 5 3 4 5 4 6 7 5 6 7 6 8 9 7 8 9 8 10 0 2 11 4 0 11 4 11 12 6 4 12 6 12 13 8 6 13 8 13 10 7 9 14 15 7 14 15 14 16 17 15 16 17 16 18 1 17 18 11 2 19 20 11 19 20 19 21 22 20 21 22 21 23 10 22 23 5 7 15 24 5 15 24 15 17 1 24 17 12 11 20 25 12 20 25 20 22 10 25 22 27 28 26 29 27 26 29 26 30 31 30 26 32 31 26 32 26 33 26 28 34 35 26 34 26 35 36 33 26 36 24 1 3 5 24 3 13 12 25 10 13 25</p>
        </triangles>
      </mesh>
    </geometry>
  </library_geometries>
  <library_controllers>
    <controller id="Controller">
      <skin source="#Geometry">
        <bind_shape_matrix>1 0 0 0 0 1 0 0 0 0 1 0 0 0 0 1</bind_shape_matrix>
        <source id="Controller-joints">
          <Name_array id="Controller-joints-array" count="31">chf_16cod body_bone1 body_bone2 body_bone3 lw_fin2_bone up_fin3_bone body_eff lw_tail_bone1 lw_tail_bone2 up_tail_bone1 up_tail_bone2 l_hand_bone lw_fin1_bone r_hand_bone up_fin1_bone up_fin2_bone body_null body head lowerjaw_bone1 l_cheek_bone lowerjaw_bone2 r_cheek_bone upperjaw_bone1 upperjaw_bone2 eyes l_eye l_eyelid r_eye r_eyelid line_point</Name_array>
          <technique_common>
            <accessor source="#Controller-joints-array" count="31" stride="1">
              <param name="JOINT" type="Name"/>
            </accessor>
          </technique_common>
        </source>
        <source id="Controller-bind_poses">
          <float_array id="Controller-bind_poses-array" count="496">1 0 0 0 0 1 0 0 0 0 1 0 0 0 0 1 -1 0 0 0 0 -1 0 0 0 0 1 0 0 0 0 1 -1 0 0 -2.5 0 -1 0 0 0 0 1 0 0 0 0 1 -1 0 0 -5.5 0 -1 0 0 0 0 1 0 0 0 0 1 0.707107 0 0.707106 4.74326 0 1 0 0 -0.707106 0 0.707107 -3.99985 0 0 0 1 0.739647 0 -0.672995 5.58261 0 1 0 0 0.672995 0 0.739647 4.34861 0 0 0 1 1 0 0 8.3 0 1 0 0 0 0 1 0 0 0 0 1 -0.891007 0 -0.45399 -7.39536 0 1 0 0 0.45399 0 -0.891007 3.76811 0 0 0 1 0.891007 0.000095 0.45399 8.39536 -0.000095 -1 0.000398 -0.000698 0.45399 -0.000398 -0.891007 3.76812 0 0 0 1 0.891007 0 -0.45399 7.39536 0 1 0 0 0.45399 0 0.891007 3.76812 0 0 0 1 0.891007 0 -0.45399 8.39536 0 1 0 0 0.45399 0 0.891007 3.76812 0 0 0 1 0.5 0.866025 0 -1.00119 -0.866025 0.5 0 -0.592014 0 0 1 0.255692 0 0 0 1 0.693874 0 0.720097 1.5281 0 1 0 0 -0.720097 0 0.693874 0.62995 0 0 0 1 -0.499998 0.866026 0 1.00122 -0.866026 -0.499998 0 -0.592032 0 0 1 0.255692 0 0 0 1 0.720389 0 -0.693571 1.90367 0 1 0 0 0.693571 0 0.720389 0.499466 0 0 0 1 0.720389 0 -0.693571 3.22413 0 1 0 0 0.693571 0 0.720389 1.9864 0 0 0 1 0.999848 -0.017451 0 0 0.017451 0.999848 0 0 0 0 1 0 0 0 0 1 1 0 0 3.59906 0 1 0 0.000357 0 0 1 0.009547 0 0 0 1 0.999848 -0.017451 0 0 0.017451 0.999848 0 0 0 0 1 0 0 0 0 1 -0.707108 0 0.707105 0 0 1 0 0 -0.707105 0 -0.707108 0 0 0 0 1 1 0 -0.000244 -1.80311 0 1 -0.000244 -0.300183 0.000244 0.000244 1 0.747914 0 0 0 1 -1 0 0.000244 1.13165 0 1 0.000244 0.000276 -0.000244 0.000244 -1 -1.13109 0 0 0 1 -1 -0.000345 0.000244 1.80301 0.000345 -1 0.000243 -0.30044 0.000243 0.000244 1 0.74806 0 0 0 1 -0.707108 -0.001312 -0.707106 0 0.001312 -1 0.000543 0 -0.707106 -0.000543 0.707107 0 0 0 0 1 -1 -0.000345 -0.000244 0.424368 0.000345 -1 -0.000243 -0.000042 -0.000243 -0.000244 1 -0.42416 0 0 0 1 1 0 0.000244 -0.424368 0 1 0.000244 -0.000103 -0.000244 -0.000244 1 -0.42416 0 0 0 1 1 0 0.000244 -1.96566 0 1 0.000244 -0.703741 -0.000244 -0.000244 1 -0.137669 0 0 0 1 -0.333254 -0.94237 -0.02967 1.32231 0.939693 -0.334546 0.071109 -1.6215 -0.076937 -0.004183 0.997027 0.016265 0 0 0 1 1 0 0.000244 -1.96566 0 1 0.000244 0.704386 -0.000244 -0.000244 1 -0.138012 0 0 0 1 -0.333254 0.94237 -0.02967 1.32298 -0.939693 -0.334546 -0.071109 1.62126 -0.076937 0.004183 0.997027 0.016268 0 0 0 1 1 0 0.000244 -3.31002 0 1 0.000244 0.000115 -0.000244 -0.000244 1 0.47489 0 0 0 1</float_array>
          <technique_common>
            <accessor source="#Controller-bind_poses-array" count="31" stride="16">
              <param name="TRANSFORM" type="float4x4"/>
            </accessor>
          </technique_common>
        </source>
        <source id="Controller-weights">
          <float_array id="Controller-weights-array" count="479">1 0.77 0.23 0.77 0.23 0.77 0.23 0.77 0.23 0.77 0.23 0.77 0.23 0.77 0.23 0.77 0.23 0.21 0.79 0.77 0.23 0.21 0.79 0.21 0.79 0.77 0.23 0.77 0.23 0.77 0.23 0.77 0.23 0.48 0.52 0.21 0.79 0.21 0.79 0.21 0.79 0.48 0.52 0.21 0.79 0.32 0.68 0.95 0.05 0.32 0.68 0.95 0.04 0.01 0.95 0.04 0.01 0.32 0.68 0.32 0.68 0.32 0.68 0.32 0.68 0.32 0.68 0.32 0.68 0.32 0.68 0.32 0.68 0.32 0.68 0.32 0.68 0.32 0.68 0.32 0.68 0.32 0.68 0.32 0.68 0.32 0.68 0.87 0.13 0.44 0.56 0.81 0.19 0.51 0.49 0.46 0.54 0.46 0.54 0.81 0.19 0.32 0.68 0.32 0.68 0.32 0.68 0.51 0.49 0.32 0.68 0.46 0.54 0.32 0.68 0.44 0.56 0.71 0.29 0.44 0.56 0.44 0.56 0.32 0.68 0.32 0.68 0.32 0.68 0.32 0.68 0.87 0.13 0.32 0.68 0.71 0.29 0.32 0.68 0.44 0.56 0.44 0.56 0.71 0.29 0.25 0.19 0.56 0.25 0.19 0.56 0.37 0.28 0.35 0.44 0.56 0.71 0.29 0.32 0.68 0.32 0.68 0.32 0.68 0.44 0.56 0.37 0.28 0.35 0.37 0.28 0.35 0.25 0.19 0.56 0.37 0.28 0.35 0.37 0.28 0.35 0.37 0.28 0.35 0.32 0.68 0.32 0.68 0.32 0.68 0.37 0.28 0.35 0.25 0.19 0.56 0.37 0.28 0.35 0.37 0.28 0.35 0.57 0.43 0.37 0.28 0.35 0.37 0.28 0.35 0.57 0.43 0.37 0.28 0.35 0.37 0.28 0.35 0.37 0.28 0.35 0.37 0.28 0.35 0.37 0.28 0.35 0.37 0.28 0.35 0.37 0.28 0.35 0.37 0.28 0.35 0.37 0.28 0.35 0.5 0.5 0.5 0.5 0.09 0.91 0.25 0.75 0.5 0.5 0.67 0.33 0.82 0.18 0.09 0.91 0.25 0.75 0.5 0.5 0.67 0.33 0.82 0.18 0.87 0.13 0.79 0.21 0.65 0.35 0.62 0.38 0.62 0.38 0.62 0.38 0.62 0.38 0.65 0.35 0.79 0.21 0.68 0.32 0.42 0.58 0.87 0.13 0.79 0.21 0.79 0.21 0.68 0.32 0.42 0.58 0.42 0.58 0.42 0.58 0.89 0.11 0.89 0.11 0.89 0.11 0.89 0.11 0.1 0.8 0.1 0.18 0.82 0.3 0.7 0.54 0.46 0.3 0.7 0.54 0.46 0.54 0.46 0.89 0.11 0.21 0.79 0.89 0.11 0.89 0.11 0.89 0.11 0.1 0.8 0.1 0.89 0.11 0.1 0.8 0.1 0.89 0.11 0.1 0.8 0.1 0.89 0.11 0.89 0.11 0.18 0.82 0.3 0.7 0.54 0.46 0.3 0.7 0.54 0.46 0.54 0.46 0.54 0.46 0.3 0.7 0.18 0.82 0.1 0.9 0.1 0.8 0.1 0.3 0.7 0.3 0.7 0.18 0.82 0.18 0.82 0.1 0.8 0.1 0.1 0.8 0.1 0.89 0.11 0.89 0.11 0.89 0.11 0.89 0.11 0.1 0.8 0.1 0.89 0.11 0.1 0.8 0.1 0.18 0.82 0.18 0.82 0.1 0.8 0.1 0.1 0.9 0.89 0.11 0.89 0.11 0.89 0.11 0.89 0.11 0.21 0.79 0.89 0.11 0.89 0.11 0.78 0.22 0.78 0.22 0.78 0.22 0.78 0.22 0.78 0.22 0.78 0.22 0.78 0.22 0.78 0.22 0.78 0.22 0.78 0.22 0.78 0.22 0.78 0.22 0.78 0.22 0.26 0.28 0.46 0.78 0.22 0.26 0.28 0.46 0.77 0.23 0.78 0.22 0.78 0.22 0.77 0.23 0.56 0.44 0.46 0.54 0.23 0.77 0.56 0.44 0.46 0.54 0.23 0.77</float_array>
          <technique_common>
            <accessor source="#Controller-weights-array" count="479" stride="1">
              <param name="WEIGHT" type="float"/>
            </accessor>
          </technique_common>
        </source>
        <joints>
          <input semantic="JOINT" source="#Controller-joints"/>
          <input semantic="INV_BIND_MATRIX" source="#Controller-bind_poses"/>
        </joints>
        <vertex_weights count="2808">
          <input semantic="JOINT" source="#Controller-joints" offset="0"/>
          <input semantic="WEIGHT" source="#Controller-weights" offset="1"/>
          <vcount>1 1 1 1 1 1 1 1 1 2 2 1 1 1 1 1 1 1 1 1 1 1 1 1 1 2 1 2 1 2 1 2 1 2 1 1 1 1 1 1 1 1 1 1 2 1 1 1 2 2 2 2 1 1 1 1 1 1 1 1 1 1 1 1 1 1 1 2 1 1 1 2 1 1 1 1 1 2 2 1 1 1 1 1 1 2 2 1 1 2 2 1 1 1 1 1 1 1 1 1 1 1 1 1 1 1 1 1 1 1 1 1 1 1 1 1 1 1 1 2 2 1 1 1 1 1 1 1 1 1 1 1 1 1 1 1 1 1 1 1 1 1 1 1 1 1 1 1 1 1 1 1 1 1 1 1 1 2 1 1 1 2 2 3 1 1 1 1 1 1 1 1 1 1 1 1 1 3 1 1 1 1 1 1 1 1 2 1 2 1 2 2 1 1 2 2 2 2 1 1 1 1 1 1 1 1 1 1 1 1 2 2 1 2 2 1 2 2 2 2 2 1 2 1 2 1 2 1 2 1 1 2 2 2 2 2 2 2 2 1 2 2 2 2 1 1 2 2 2 2 1 1 2 2 1 1 2 1 1 1 2 2 2 2 3 1 1 1 1 1 1 1 1 1 1 1 1 1 1 1 1 1 1 1 1 1 1 1 3 3 2 2 1 1 1 1 1 1 1 1 2 2 2 1 1 1 1 2 1 1 1 1 1 1 1 1 3 1 1 1 1 1 1 1 1 1 1 1 1 1 1 1 1 1 1 1 1 1 1 1 1 1 1 1 1 1 1 1 1 1 1 1 1 1 1 1 1 1 1 1 1 1 3 3 1 1 1 1 1 1 1 1 1 1 1 1 1 1 1 1 1 1 1 1 1 1 1 1 1 1 1 1 1 1 1 1 1 1 1 1 1 1 3 1 1 1 1 1 1 1 1 1 1 1 1 1 3 3 2 2 2 1 1 3 1 1 1 1 1 1 1 1 3 1 1 1 1 1 1 1 1 1 1 1 1 3 1 1 1 1 1 1 1 1 1 1 1 1 3 2 3 1 1 3 1 2 3 1 1 1 1 1 1 1 1 3 1 1 3 1 1 1 1 1 3 1 1 1 3 3 3 3 3 2 1 1 1 1 1 1 1 1 1 1 1 1 1 2 1 1 1 2 2 2 2 2 1 1 1 2 2 2 2 2 1 1 1 1 1 1 1 1 1 1 1 1 1 1 1 1 1 1 1 1 1 1 1 1 1 1 1 1 1 1 1 1 1 1 1 1 1 1 1 2 2 2 2 2 1 2 1 2 2 1 2 1 2 2 1 1 2 1 2 2 1 1 2 2 1 2 1 1 2 1 2 2 2 2 3 2 2 2 2 2 2 2 2 2 2 2 3 2 3 2 3 2 2 2 2 2 2 2 2 2 2 2 2 3 2 2 2 2 3 3 2 2 2 2 3 2 3 2 2 3 2 2 1 2 1 1 1 2 2 1 1 2 2 2 2 2 2 2 2 2 2 2 2 2 1 2 2 2 1 1 1 1 1 1 3 1 2 1 1 1 1 1 3 2 2 2 2 1 2 2 2 2 2 2 0 0 0 0 0 0 0 0 0 0 0 0 0 0 0 0 0 0 0 0 0 0 0 0 0 0 0 0 0 0 0 0 0 0 0 0 0 0 0 0 0 0 0 0 0 0 0 0 0 0 0 0 0 0 0 0 0 0 0 0 0 0 0 0 0 0 0 0 0 0 0 0 0 0 0 0 0 0 0 0 0 0 0 0 0 0 0 0 0 0 0 0 0 0 0 0 0 0 0 0 0 0 0 0 0 0 0 0 0 0 0 0 0 0 0 0 0 0 0 0 0 0 0 0 0 0 0 0 0 0 0 0 0 0 0 0 0 0 0 0 0 0 0 0 0 0 0 0 0 0 0 0 0 0 0 0 0 0 0 0 0 0 0 0 0 0 0 0 0 0 0 0 0 0 0 0 0 0 0 0 0 0 0 0 0 0 0 0 0 0 0 0 0 0 0 0 0 0 0 0 0 0 0 0 0 0 0 0 0 0 0 0 0 0 0 0 0 0 0 0 0 0 0 0 0 0 0 0 0 0 0 0 0 0 0 0 0 0 0 0 0 0 0 0 0 0 0 0 0 0 0 0 0 0 0 0 0 0 0 0 0 0 0 0 0 0 0 0 0 0 0 0 0 0 0 0 0 0 0 0 0 0 0 0 0 0 0 0 0 0 0 0 0 0 0 0 0 0 0 0 0 0 0 0 0 0 0 0 0 0 0 0 0 0 0 0 0 0 0 0 0 0 0 0 0 0 0 0 0 0 0 0 0 0 0 0 0 0 0 0 0 0 0 0 0 0 0 0 0 0 0 0 0 0 0 0 0 0 0 0 0 0 0 0 0 0 0 0 0 0 0 0 0 0 0 0 0 0 0 0 0 0 0 0 0 0 0 0 0 0 0 0 0 0 0 0 0 0 0 0 0 0 0 0 0 0 0 0 0 0 0 0 0 0 0 0 0 0 0 0 0 0 0 0 0 0 0 0 0 0 0 0 0 0 0 0 0 0 0 0 0 0 0 0 0 0 0 0 0 0 0 0 0 0 0 0 0 0 0 0 0 0 0 0 0 0 0 0 0 0 0 0 0 0 0 0 0 0 0 0 0 0 0 0 0 0 0 0 0 0 0 0 0 0 0 0 0 0 0 0 0 0 0 0 0 0 0 0 0 0 0 0 0 0 0 0 0 0 0 0 0 0 0 0 0 0 0 0 0 0 0 0 0 0 0 0 0 0 0 0 0 0 0 0 0 0 0 0 0 0 0 0 0 0 0 0 0 0 0 0 0 0 0 0 0 0 0 0 0 0 0 0 0 0 0 0 0 0 0 0 0 0 0 0 0 0 0 0 0 0 0 0 0 0 0 0 0 0 0 0 0 0 0 0 0 0 0 0 0 0 0 0 0 0 0 0 0 0 0 0 0 0 0 0 0 0 0 0 0 0 0 0 0 0 0 0 0 0 0 0 0 0 0 0 0 0 0 0 0 0 0 0 0 0 0 0 0 0 0 0 0 0 0 0 0 0 0 0 0 0 0 0 0 0 0 0 0 0 0 0 0 0 0 0 0 0 0 0 0 0 0 0 0 0 0 0 0 0 0 0 0 0 0 0 0 0 0 0 0 0 0 0 0 0 0 0 0 0 0 0 0 0 0 0 0 0 0 0 0 0 0 0 0 0 0 0 0 0 0 0 0 0 0 0 0 0 0 0 0 0 0 0 0 0 0 0 0 0 0 0 0 0 0 0 0 0 0 0 0 0 0 0 0 0 0 0 0 0 0 0 0 0 0 0 0 0 0 0 0 0 0 0 0 0 0 0 0 0 0 0 0 0 0 0 0 0 0 0 0 0 0 0 0 0 0 0 0 0 0 0 0 0 0 0 0 0 0 0 0 0 0 0 0 0 0 0 0 0 0 0 0 0 0 0 0 0 0 0 0 0 0 0 0 0 0 0 0 0 0 0 0 0 0 0 0 0 0 0 0 0 0 0 0 0 0 0 0 0 0 0 0 0 0 0 0 0 0 0 0 0 0 0 0 0 0 0 0 0 0 0 0 0 0 0 0 0 0 0 0 0 0 0 0 0 0 0 0 0 0 0 0 0 0 0 0 0 0 0 0 0 0 0 0 0 0 0 0 0 0 0 0 0 0 0 0 0 0 0 0 0 0 0 0 0 0 0 0 0 0 0 0 0 0 0 0 0 0 0 0 0 0 0 0 0 0 0 0 0 0 0 0 0 0 0 0 0 0 0 0 0 0 0 0 0 0 0 0 0 0 0 0 0 0 0 0 0 0 0 0 0 0 0 0 0 0 0 0 0 0 0 0 0 0 0 0 0 0 0 0 0 0 0 0 0 0 0 0 0 0 0 0 0 0 0 0 0 0 0 0 0 0 0 0 0 0 0 0 0 0 0 0 0 0 0 0 0 0 0 0 0 0 0 0 0 0 0 0 0 0 0 0 0 0 0 0 0 0 0 0 0 0 0 0 0 0 0 0 0 0 0 0 0 0 0 0 0 0 0 0 0 0 0 0 0 0 0 0 0 0 0 0 0 0 0 0 0 0 0 0 0 0 0 0 0 0 0 0 0 0 0 0 0 0 0 0 0 0 0 0 0 0 0 0 0 0 0 0 0 0 0 0 0 0 0 0 0 0 0 0 0 0 0 0 0 0 0 0 0 0 0 0 0 0 0 0 0 0 0 0 0 0 0 0 0 0 0 0 0 0 0 0 0 0 0 0 0 0 0 0 0 0 0 0 0 0 0 0 0 0 0 0 0 0 0 0 0 0 0 0 0 0 0 0 0 0 0 0 0 0 0 0 0 0 0 0 0 0 0 0 0 0 0 0 0 0 0 0 0 0 0 0 0 0 0 0 0 0 0 0 0 0 0 0 0 0 0 0 0 0 0 0 0 0 0 0 0 0 0 0 0 0 0 0 0 0 0 0 0 0 0 0 0 0 0 0 0 0 0 0 0 0 0 0 0 0 0 0 0 0 0 0 0 0 0 0 0 0 0 0 0 0 0 0 0 0 0 0 0 0 0 0 0 0 0 0 0 0 0 0 0 0 0 0 0 0 0 0 0 0 0 0 0 0 0 0 0 0 0 0 0 0 0 0 0 0 0 0 0 0 0 0 0 0 0 0 0 0 0 0 0 0 0 0 0 0 0 0 0 0 0 0 0 0 0 0 0 0 0 0 0 0 0 0 0 0 0 0 0 0 0 0 0 0 0 0 0 0 0 0 0 0 0 0 0 0 0 0 0 0 0 0 0 0 0 0 0 0 0 0 0 0 0 0 0 0 0 0 0 0 0 0 0 0 0 0 0 0 0 0 0 0 0 0 0 0 0 0 0 0 0 0 0 0 0 0 0 0 0 0 0 0 0 0 0 0 0 0 0 0 0 0 0 0 0 0 0 0 0 0 0 0 0 0 0 0 0 0 0 0 0 0 0 0 0 0 0 0 0 0 0 0 0 0 0 0 0 0 0 0 0 0 0 0 0 0 0 0 0 0 0 0 0 0 0 0 0 0 0 0 0 0 0 0 0 0 0 0 0 0 0 0 0 0 0 0 0 0 0 0 0 0 0 0 0 0 0 0 0 0 0 0 0 0 0 0 0 0 0 0 0 0 0 0 0 0 0 0 0 0 0 0 0 0 0 0 0 0 0 0 0 0 0 0 0 0 0 0 0 0 0 0 0 0 0 0 0 0 0 0 0 0 0 0 0 0 0 0 0 0 0 0 0 0 0 0 0 0 0 0 0 0 0 0 0 0 0 0 0 0 0 0 0 0 0 0 0 0 0 0 0 0 0 0 0 0 0 0 0 0 0 0 0 0 0 0 0 0 0 0 0 0 0 0 0 0 0 0 0 0 0 0 0 0 0 0 0 0 0 0 0 0 0 0 0 0 0 0 0 0 0 0 0 0 0 0 0 0 0 0 0 0 0 0 0 0 0 0 0 0 0 0 0 0 0 0 0 0 0 0 0 0 0 0 0 0 0 0 0 0 0 0 0 0 0 0 0 0 0 0 0 0 0 0 0 0 0 0 0 0 0 0 0 0 0 0 0 0 0 0 0 0 0 0 0 0 0 0 0 0 0 0 0 0 0 0 0 0 0 0 0 0 0 0 0 0 0 0 0 0 0 0 0 0 0 0 0 0 0 0 0 0 0 0 0 0 0 0 0 0 0 0 0 0 0 0 0 0 0 0 0 0 0 0 0 0 0 0 0 0 0 0 0 0 0 0 0 0 0 0 0 0 0 0 0 0 0 0 0 0 0 0 0 0 0 0 0 0 0 0 0 0 0 0 0 0 0 0 0 0 0 0 0 0 0 0 0 0 0 0 0 0 0 0 0 0 0 0 0 0 0 0 0 0 0 0 0 0 0 0 0 0 0 0 0 0 0 0 0 0 0 0 0 0 0 0 0 0 0 0 0 0 0 0 0 0 0 0 0 0 0 0 0 0 0 0 0 0 0 0 0 0 0 0 0 0 0 0 0 0 0 0 0 0 0 0 0 0 0 0 0 0 0 0 0 0 0 0 0 0 0 0 0 0 0 0 0 0 0 0 0 0 0 0 0 0 0 0 0 0 0 0 0 0 0 0 0 0 0 0 0 0 0 0 0 0 0 0 0 0 0 0 0 0 0 0 0 0 0 0 0 0 0 0 0 0 0 0 0 0 0 0 0 0 0 0 0 0 0 0 0 0 0 0 0 0 0 0 0 0 0 0 0 0 0 0 0 0 0 0 0 0 0 0 0 0 0 0 0 0 0 </vcount>
          <v>1 0 1 0 1 0 1 0 1 0 1 0 1 0 1 0 1 0 1 1 2 2 1 3 2 4 13 0 13 0 13 0 13 0 13 0 13 0 13 0 13 0 13 0 13 0 1 0 1 0 1 0 1 0 1 5 2 6 1 0 1 7 2 8 1 0 1 9 2 10 1 0 1 11 2 12 1 0 1 13 2 14 1 0 1 0 1 0 1 0 1 0 1 0 1 0 1 0 1 0 1 0 1 15 2 16 1 0 1 0 1 0 1 17 2 18 1 19 2 20 1 21 2 22 1 23 2 24 1 0 1 0 1 0 1 0 1 0 13 0 13 0 1 0 1 0 1 0 1 0 1 0 13 0 13 0 1 0 1 25 2 26 1 0 1 0 1 0 1 27 2 28 1 0 1 0 1 0 1 0 1 0 1 29 2 30 1 31 2 32 13 0 13 0 13 0 13 0 13 0 1 0 1 33 14 34 1 35 2 36 14 0 14 0 1 37 2 38 1 39 2 40 1 0 12 0 1 0 12 0 12 0 1 0 12 0 1 0 12 0 12 0 14 0 1 0 1 0 1 0 12 0 1 0 12 0 12 0 13 0 13 0 13 0 13 0 13 0 13 0 14 0 1 0 14 0 14 0 1 41 14 42 1 43 2 44 12 0 1 0 12 0 12 0 1 0 12 0 1 0 1 0 1 0 12 0 1 0 12 0 1 0 12 0 1 0 13 0 1 0 1 0 1 0 1 0 1 0 13 0 1 0 13 0 1 0 1 0 1 0 11 0 11 0 11 0 11 0 11 0 11 0 11 0 11 0 11 0 23 45 1 46 1 0 1 0 1 0 19 47 21 48 23 49 1 50 19 51 21 52 22 53 21 0 21 0 11 0 11 0 11 0 11 0 11 0 11 0 1 0 1 0 21 0 21 0 21 0 19 54 21 55 20 56 21 0 21 0 11 0 11 0 11 0 11 0 11 0 1 0 23 57 1 58 1 0 23 59 1 60 1 0 23 61 1 62 23 63 1 64 1 0 1 0 23 65 1 66 23 67 1 68 23 69 1 70 23 71 1 72 11 0 11 0 11 0 11 0 11 0 11 0 11 0 11 0 1 0 1 0 1 0 1 0 23 73 1 74 23 75 1 76 1 0 23 77 1 78 23 79 1 80 1 0 23 81 1 82 23 83 1 84 23 85 1 86 23 87 20 88 24 89 20 90 24 0 23 91 24 92 24 0 23 93 24 94 24 0 23 95 24 96 24 0 23 97 24 98 24 0 24 0 23 99 24 100 23 101 1 102 23 103 1 104 23 105 1 106 23 107 24 108 23 109 1 110 23 111 24 112 23 113 1 114 24 0 24 115 20 116 24 117 20 118 24 119 20 120 24 121 20 122 24 0 24 0 23 123 1 124 23 125 1 126 23 127 1 128 23 129 1 130 24 0 24 0 23 131 22 132 23 133 1 134 24 0 24 0 24 135 20 136 24 0 24 0 24 0 23 137 1 138 24 139 22 140 24 141 22 142 24 143 22 144 24 145 21 146 22 147 21 0 21 0 21 0 21 0 21 0 21 0 21 0 21 0 21 0 21 0 21 0 21 0 21 0 21 0 21 0 21 0 21 0 21 0 21 0 21 0 21 0 21 0 24 0 24 148 21 149 22 150 24 151 21 152 22 153 24 154 22 155 24 156 22 157 24 0 24 0 21 0 21 0 21 0 21 0 21 0 21 0 21 158 22 159 21 160 22 161 21 162 22 163 24 0 24 0 24 0 24 0 24 164 22 165 21 0 21 0 21 0 21 0 21 0 21 0 21 0 21 0 24 166 21 167 22 168 21 0 21 0 21 0 21 0 21 0 21 0 21 0 21 0 21 0 21 0 21 0 21 0 21 0 21 0 21 0 21 0 21 0 21 0 21 0 21 0 21 0 21 0 21 0 21 0 21 0 21 0 21 0 21 0 21 0 24 0 24 0 24 0 24 0 24 0 24 0 24 0 24 0 24 0 24 0 24 0 24 0 24 0 24 0 24 0 24 0 24 169 21 170 20 171 24 172 21 173 20 174 24 0 24 0 24 0 24 0 24 0 24 0 24 0 24 0 24 0 24 0 24 0 24 0 24 0 24 0 24 0 24 0 24 0 24 0 24 0 24 0 24 0 24 0 24 0 24 0 24 0 24 0 24 0 24 0 24 0 24 0 24 0 24 0 24 0 24 0 24 0 24 0 24 0 24 0 24 175 21 176 20 177 24 0 24 0 24 0 24 0 24 0 24 0 24 0 24 0 24 0 24 0 24 0 24 0 24 0 24 178 21 179 20 180 24 181 21 182 20 183 21 184 20 185 21 186 20 187 21 188 20 189 24 0 24 0 24 190 21 191 20 192 24 0 24 0 24 0 24 0 24 0 24 0 24 0 24 0 24 193 21 194 20 195 24 0 24 0 24 0 24 0 24 0 24 0 24 0 24 0 24 0 24 0 24 0 24 0 24 196 21 197 20 198 24 0 24 0 24 0 24 0 24 0 24 0 24 0 24 0 24 0 24 0 24 0 24 0 24 199 21 200 22 201 24 202 21 203 24 204 21 205 20 206 24 0 24 0 24 207 21 208 20 209 24 0 24 210 21 211 24 212 21 213 22 214 24 0 24 0 24 0 24 0 24 0 24 0 24 0 24 0 24 215 21 216 22 217 24 0 24 0 24 218 21 219 22 220 24 0 24 0 24 0 24 0 24 0 24 221 21 222 22 223 24 0 24 0 24 0 24 224 21 225 22 226 24 227 21 228 22 229 24 230 21 231 22 232 24 233 21 234 20 235 24 236 21 237 20 238 7 239 9 240 3 0 3 0 3 0 7 0 3 0 3 0 9 0 3 0 9 0 9 0 3 0 9 0 3 0 7 241 9 242 3 0 9 0 9 0 7 243 9 244 7 245 9 246 7 247 9 248 7 249 9 250 7 251 9 252 7 0 7 0 7 0 7 253 9 254 7 255 9 256 7 257 9 258 7 259 9 260 7 261 9 262 7 0 7 0 7 0 3 0 3 0 3 0 3 0 3 0 3 0 3 0 3 0 3 0 3 0 3 0 3 0 3 0 3 0 3 0 3 0 3 0 3 0 3 0 3 0 3 0 3 0 3 0 3 0 3 0 3 0 3 0 3 0 3 0 3 0 3 0 3 0 3 0 3 0 3 0 3 0 3 263 4 264 3 265 4 266 3 267 4 268 3 269 4 270 3 271 4 272 3 0 3 273 4 274 3 0 3 275 4 276 3 277 4 278 3 0 3 279 5 280 3 0 3 281 5 282 3 283 5 284 3 0 3 0 3 285 4 286 3 0 3 287 4 288 3 289 5 290 3 0 3 0 3 291 5 292 3 293 5 294 5 0 3 295 5 296 3 0 5 0 3 297 5 298 3 0 2 299 3 300 2 301 3 302 2 303 3 304 2 305 3 306 1 307 2 308 3 309 1 310 2 311 1 312 2 313 1 314 2 315 1 316 2 317 1 318 2 319 1 320 2 321 2 322 3 323 1 324 2 325 2 326 3 327 2 328 3 329 2 330 3 331 1 332 2 333 3 334 2 335 3 336 1 337 2 338 3 339 2 340 3 341 1 342 2 343 3 344 2 345 3 346 2 347 3 348 1 349 2 350 1 351 2 352 1 353 2 354 1 355 2 356 1 357 2 358 1 359 2 360 1 361 2 362 1 363 2 364 1 365 2 366 1 367 2 368 1 369 2 370 3 371 1 372 2 373 1 374 2 375 1 376 2 377 1 378 2 379 1 380 2 381 3 382 1 383 2 384 3 385 2 386 3 387 2 388 3 389 2 390 3 391 2 392 3 393 1 394 2 395 3 396 2 397 3 398 1 399 2 400 3 401 1 402 2 403 1 404 2 405 1 406 2 407 3 408 1 409 2 410 2 411 3 412 15 0 2 413 3 414 15 0 15 0 15 0 2 415 3 416 2 417 3 418 15 0 15 0 1 419 2 420 2 421 3 422 2 423 3 424 2 425 3 426 2 427 3 428 2 429 3 430 2 431 3 432 2 433 3 434 2 435 3 436 2 437 3 438 2 439 3 440 2 441 3 442 2 443 3 444 2 0 2 445 3 446 2 447 3 448 2 449 3 450 4 0 3 0 4 0 4 0 4 0 4 0 2 451 3 452 4 453 4 0 2 454 3 455 3 0 4 0 4 0 4 0 4 0 2 456 3 457 4 458 2 459 15 460 2 461 3 462 2 463 3 464 2 465 15 466 2 0 2 467 15 468 2 469 15 470 2 471 15 472 2 473 15 474 2 475 15 476 2 477 15 478</v>
        </vertex_weights>
      </skin>
      <extra>
        <technique profile="FCOLLADA">
          <user_properties>SkinController</user_properties>
        </technique>
      </extra>
    </controller>
    <controller id="Controller1">
      <skin source="#Geometry1">
        <bind_shape_matrix>1 0 0 0 0 1 0 0 0 0 1 0 0 0 0 1</bind_shape_matrix>
        <source id="Controller1-joints">
          <Name_array id="Controller1-joints-array" count="31">chf_16cod body_bone1 body_bone2 body_bone3 lw_fin2_bone up_fin3_bone body_eff lw_tail_bone1 lw_tail_bone2 up_tail_bone1 up_tail_bone2 l_hand_bone lw_fin1_bone r_hand_bone up_fin1_bone up_fin2_bone body_null body head lowerjaw_bone1 l_cheek_bone lowerjaw_bone2 r_cheek_bone upperjaw_bone1 upperjaw_bone2 eyes l_eye l_eyelid r_eye r_eyelid line_point</Name_array>
          <technique_common>
            <accessor source="#Controller1-joints-array" count="31" stride="1">
              <param name="JOINT" type="Name"/>
            </accessor>
          </technique_common>
        </source>
        <source id="Controller1-bind_poses">
          <float_array id="Controller1-bind_poses-array" count="496">1 0 0 0 0 1 0 0 0 0 1 0 0 0 0 1 -1 0 0 0 0 -1 0 0 0 0 1 0 0 0 0 1 -1 0 0 -2.5 0 -1 0 0 0 0 1 0 0 0 0 1 -1 0 0 -5.5 0 -1 0 0 0 0 1 0 0 0 0 1 0.707107 0 0.707106 4.74326 0 1 0 0 -0.707106 0 0.707107 -3.99985 0 0 0 1 0.739647 0 -0.672995 5.58261 0 1 0 0 0.672995 0 0.739647 4.34861 0 0 0 1 1 0 0 8.3 0 1 0 0 0 0 1 0 0 0 0 1 -0.891007 0 -0.45399 -7.39536 0 1 0 0 0.45399 0 -0.891007 3.76811 0 0 0 1 0.891007 0.000095 0.45399 8.39536 -0.000095 -1 0.000398 -0.000698 0.45399 -0.000398 -0.891007 3.76812 0 0 0 1 0.891007 0 -0.45399 7.39536 0 1 0 0 0.45399 0 0.891007 3.76812 0 0 0 1 0.891007 0 -0.45399 8.39536 0 1 0 0 0.45399 0 0.891007 3.76812 0 0 0 1 0.5 0.866025 0 -1.00119 -0.866025 0.5 0 -0.592014 0 0 1 0.255692 0 0 0 1 0.693874 0 0.720097 1.5281 0 1 0 0 -0.720097 0 0.693874 0.62995 0 0 0 1 -0.499998 0.866026 0 1.00122 -0.866026 -0.499998 0 -0.592032 0 0 1 0.255692 0 0 0 1 0.720389 0 -0.693571 1.90367 0 1 0 0 0.693571 0 0.720389 0.499466 0 0 0 1 0.720389 0 -0.693571 3.22413 0 1 0 0 0.693571 0 0.720389 1.9864 0 0 0 1 0.999848 -0.017451 0 0 0.017451 0.999848 0 0 0 0 1 0 0 0 0 1 1 0 0 3.59906 0 1 0 0.000357 0 0 1 0.009547 0 0 0 1 0.999848 -0.017451 0 0 0.017451 0.999848 0 0 0 0 1 0 0 0 0 1 -0.707108 0 0.707105 0 0 1 0 0 -0.707105 0 -0.707108 0 0 0 0 1 1 0 -0.000244 -1.80311 0 1 -0.000244 -0.300183 0.000244 0.000244 1 0.747914 0 0 0 1 -1 0 0.000244 1.13165 0 1 0.000244 0.000276 -0.000244 0.000244 -1 -1.13109 0 0 0 1 -1 -0.000345 0.000244 1.80301 0.000345 -1 0.000243 -0.30044 0.000243 0.000244 1 0.74806 0 0 0 1 -0.707108 -0.001312 -0.707106 0 0.001312 -1 0.000543 0 -0.707106 -0.000543 0.707107 0 0 0 0 1 -1 -0.000345 -0.000244 0.424368 0.000345 -1 -0.000243 -0.000042 -0.000243 -0.000244 1 -0.42416 0 0 0 1 1 0 0.000244 -0.424368 0 1 0.000244 -0.000103 -0.000244 -0.000244 1 -0.42416 0 0 0 1 1 0 0.000244 -1.96566 0 1 0.000244 -0.703741 -0.000244 -0.000244 1 -0.137669 0 0 0 1 -0.333254 -0.94237 -0.02967 1.32231 0.939693 -0.334546 0.071109 -1.6215 -0.076937 -0.004183 0.997027 0.016265 0 0 0 1 1 0 0.000244 -1.96566 0 1 0.000244 0.704386 -0.000244 -0.000244 1 -0.138012 0 0 0 1 -0.333254 0.94237 -0.02967 1.32298 -0.939693 -0.334546 -0.071109 1.62126 -0.076937 0.004183 0.997027 0.016268 0 0 0 1 1 0 0.000244 -3.31002 0 1 0.000244 0.000115 -0.000244 -0.000244 1 0.47489 0 0 0 1</float_array>
          <technique_common>
            <accessor source="#Controller1-bind_poses-array" count="31" stride="16">
              <param name="TRANSFORM" type="float4x4"/>
            </accessor>
          </technique_common>
        </source>
        <source id="Controller1-weights">
          <float_array id="Controller1-weights-array" count="1">1</float_array>
          <technique_common>
            <accessor source="#Controller1-weights-array" count="1" stride="1">
              <param name="WEIGHT" type="float"/>
            </accessor>
          </technique_common>
        </source>
        <joints>
          <input semantic="JOINT" source="#Controller1-joints"/>
          <input semantic="INV_BIND_MATRIX" source="#Controller1-bind_poses"/>
        </joints>
        <vertex_weights count="240">
          <input semantic="JOINT" source="#Controller1-joints" offset="0"/>
          <input semantic="WEIGHT" source="#Controller1-weights" offset="1"/>
          <vcount>1 1 1 1 1 1 1 1 1 1 1 1 1 1 1 1 1 1 1 1 1 1 1 1 1 1 1 1 1 1 1 1 1 1 1 1 1 1 1 1 1 1 0 0 0 0 0 0 0 0 0 0 0 0 0 0 0 0 0 0 0 0 0 0 0 0 0 0 0 0 0 0 0 0 0 0 0 0 0 0 0 0 0 0 0 0 0 0 0 0 0 0 0 0 0 0 0 0 0 0 0 0 0 0 0 0 0 0 0 0 0 0 0 0 0 0 0 0 0 0 0 0 0 0 0 0 0 0 0 0 0 0 0 0 0 0 0 0 0 0 0 0 0 0 0 0 0 0 0 0 0 0 0 0 0 0 0 0 0 0 0 0 0 0 0 0 0 0 0 0 0 0 0 0 0 0 0 0 0 0 0 0 0 0 0 0 0 0 0 0 0 0 0 0 0 0 0 0 0 0 0 0 0 0 0 0 0 0 0 0 0 0 0 0 0 0 0 0 0 0 0 0 0 0 0 0 0 0 0 0 0 0 0 0 0 0 0 0 0 0 </vcount>
          <v>26 0 26 0 26 0 26 0 26 0 26 0 26 0 26 0 26 0 26 0 26 0 26 0 26 0 26 0 26 0 26 0 26 0 26 0 26 0 26 0 26 0 26 0 26 0 26 0 26 0 26 0 26 0 26 0 26 0 26 0 26 0 26 0 26 0 26 0 26 0 26 0 26 0 26 0 26 0 26 0 26 0 26 0</v>
        </vertex_weights>
      </skin>
      <extra>
        <technique profile="FCOLLADA">
          <user_properties>SkinController</user_properties>
        </technique>
      </extra>
    </controller>
    <controller id="Controller2">
      <skin source="#Geometry2">
        <bind_shape_matrix>1 0 0 0 0 1 0 0 0 0 1 0 0 0 0 1</bind_shape_matrix>
        <source id="Controller2-joints">
          <Name_array id="Controller2-joints-array" count="31">chf_16cod body_bone1 body_bone2 body_bone3 lw_fin2_bone up_fin3_bone body_eff lw_tail_bone1 lw_tail_bone2 up_tail_bone1 up_tail_bone2 l_hand_bone lw_fin1_bone r_hand_bone up_fin1_bone up_fin2_bone body_null body head lowerjaw_bone1 l_cheek_bone lowerjaw_bone2 r_cheek_bone upperjaw_bone1 upperjaw_bone2 eyes l_eye l_eyelid r_eye r_eyelid line_point</Name_array>
          <technique_common>
            <accessor source="#Controller2-joints-array" count="31" stride="1">
              <param name="JOINT" type="Name"/>
            </accessor>
          </technique_common>
        </source>
        <source id="Controller2-bind_poses">
          <float_array id="Controller2-bind_poses-array" count="496">1 0 0 0 0 1 0 0 0 0 1 0 0 0 0 1 -1 0 0 0 0 -1 0 0 0 0 1 0 0 0 0 1 -1 0 0 -2.5 0 -1 0 0 0 0 1 0 0 0 0 1 -1 0 0 -5.5 0 -1 0 0 0 0 1 0 0 0 0 1 0.707107 0 0.707106 4.74326 0 1 0 0 -0.707106 0 0.707107 -3.99985 0 0 0 1 0.739647 0 -0.672995 5.58261 0 1 0 0 0.672995 0 0.739647 4.34861 0 0 0 1 1 0 0 8.3 0 1 0 0 0 0 1 0 0 0 0 1 -0.891007 0 -0.45399 -7.39536 0 1 0 0 0.45399 0 -0.891007 3.76811 0 0 0 1 0.891007 0.000095 0.45399 8.39536 -0.000095 -1 0.000398 -0.000698 0.45399 -0.000398 -0.891007 3.76812 0 0 0 1 0.891007 0 -0.45399 7.39536 0 1 0 0 0.45399 0 0.891007 3.76812 0 0 0 1 0.891007 0 -0.45399 8.39536 0 1 0 0 0.45399 0 0.891007 3.76812 0 0 0 1 0.5 0.866025 0 -1.00119 -0.866025 0.5 0 -0.592014 0 0 1 0.255692 0 0 0 1 0.693874 0 0.720097 1.5281 0 1 0 0 -0.720097 0 0.693874 0.62995 0 0 0 1 -0.499998 0.866026 0 1.00122 -0.866026 -0.499998 0 -0.592032 0 0 1 0.255692 0 0 0 1 0.720389 0 -0.693571 1.90367 0 1 0 0 0.693571 0 0.720389 0.499466 0 0 0 1 0.720389 0 -0.693571 3.22413 0 1 0 0 0.693571 0 0.720389 1.9864 0 0 0 1 0.999848 -0.017451 0 0 0.017451 0.999848 0 0 0 0 1 0 0 0 0 1 1 0 0 3.59906 0 1 0 0.000357 0 0 1 0.009547 0 0 0 1 0.999848 -0.017451 0 0 0.017451 0.999848 0 0 0 0 1 0 0 0 0 1 -0.707108 0 0.707105 0 0 1 0 0 -0.707105 0 -0.707108 0 0 0 0 1 1 0 -0.000244 -1.80311 0 1 -0.000244 -0.300183 0.000244 0.000244 1 0.747914 0 0 0 1 -1 0 0.000244 1.13165 0 1 0.000244 0.000276 -0.000244 0.000244 -1 -1.13109 0 0 0 1 -1 -0.000345 0.000244 1.80301 0.000345 -1 0.000243 -0.30044 0.000243 0.000244 1 0.74806 0 0 0 1 -0.707108 -0.001312 -0.707106 0 0.001312 -1 0.000543 0 -0.707106 -0.000543 0.707107 0 0 0 0 1 -1 -0.000345 -0.000244 0.424368 0.000345 -1 -0.000243 -0.000042 -0.000243 -0.000244 1 -0.42416 0 0 0 1 1 0 0.000244 -0.424368 0 1 0.000244 -0.000103 -0.000244 -0.000244 1 -0.42416 0 0 0 1 1 0 0.000244 -1.96566 0 1 0.000244 -0.703741 -0.000244 -0.000244 1 -0.137669 0 0 0 1 -0.333254 -0.94237 -0.02967 1.32231 0.939693 -0.334546 0.071109 -1.6215 -0.076937 -0.004183 0.997027 0.016265 0 0 0 1 1 0 0.000244 -1.96566 0 1 0.000244 0.704386 -0.000244 -0.000244 1 -0.138012 0 0 0 1 -0.333254 0.94237 -0.02967 1.32298 -0.939693 -0.334546 -0.071109 1.62126 -0.076937 0.004183 0.997027 0.016268 0 0 0 1 1 0 0.000244 -3.31002 0 1 0.000244 0.000115 -0.000244 -0.000244 1 0.47489 0 0 0 1</float_array>
          <technique_common>
            <accessor source="#Controller2-bind_poses-array" count="31" stride="16">
              <param name="TRANSFORM" type="float4x4"/>
            </accessor>
          </technique_common>
        </source>
        <source id="Controller2-weights">
          <float_array id="Controller2-weights-array" count="1">1</float_array>
          <technique_common>
            <accessor source="#Controller2-weights-array" count="1" stride="1">
              <param name="WEIGHT" type="float"/>
            </accessor>
          </technique_common>
        </source>
        <joints>
          <input semantic="JOINT" source="#Controller2-joints"/>
          <input semantic="INV_BIND_MATRIX" source="#Controller2-bind_poses"/>
        </joints>
        <vertex_weights count="150">
          <input semantic="JOINT" source="#Controller2-joints" offset="0"/>
          <input semantic="WEIGHT" source="#Controller2-weights" offset="1"/>
          <vcount>1 1 1 1 1 1 1 1 1 1 1 1 1 1 1 1 1 1 1 1 1 1 1 1 1 1 1 1 1 1 1 1 1 1 1 1 1 0 0 0 0 0 0 0 0 0 0 0 0 0 0 0 0 0 0 0 0 0 0 0 0 0 0 0 0 0 0 0 0 0 0 0 0 0 0 0 0 0 0 0 0 0 0 0 0 0 0 0 0 0 0 0 0 0 0 0 0 0 0 0 0 0 0 0 0 0 0 0 0 0 0 0 0 0 0 0 0 0 0 0 0 0 0 0 0 0 0 0 0 0 0 0 0 0 0 0 0 0 0 0 0 0 0 0 0 0 0 0 0 0 </vcount>
          <v>27 0 27 0 27 0 27 0 27 0 27 0 27 0 27 0 27 0 27 0 27 0 27 0 27 0 27 0 27 0 27 0 27 0 27 0 27 0 27 0 27 0 27 0 27 0 27 0 27 0 27 0 27 0 27 0 27 0 27 0 27 0 27 0 27 0 27 0 27 0 27 0 27 0</v>
        </vertex_weights>
      </skin>
      <extra>
        <technique profile="FCOLLADA">
          <user_properties>SkinController</user_properties>
        </technique>
      </extra>
    </controller>
    <controller id="Controller3">
      <skin source="#Geometry3">
        <bind_shape_matrix>1 0 0 0 0 1 0 0 0 0 1 0 0 0 0 1</bind_shape_matrix>
        <source id="Controller3-joints">
          <Name_array id="Controller3-joints-array" count="31">chf_16cod body_bone1 body_bone2 body_bone3 lw_fin2_bone up_fin3_bone body_eff lw_tail_bone1 lw_tail_bone2 up_tail_bone1 up_tail_bone2 l_hand_bone lw_fin1_bone r_hand_bone up_fin1_bone up_fin2_bone body_null body head lowerjaw_bone1 l_cheek_bone lowerjaw_bone2 r_cheek_bone upperjaw_bone1 upperjaw_bone2 eyes l_eye l_eyelid r_eye r_eyelid line_point</Name_array>
          <technique_common>
            <accessor source="#Controller3-joints-array" count="31" stride="1">
              <param name="JOINT" type="Name"/>
            </accessor>
          </technique_common>
        </source>
        <source id="Controller3-bind_poses">
          <float_array id="Controller3-bind_poses-array" count="496">1 0 0 0 0 1 0 0 0 0 1 0 0 0 0 1 -1 0 0 0 0 -1 0 0 0 0 1 0 0 0 0 1 -1 0 0 -2.5 0 -1 0 0 0 0 1 0 0 0 0 1 -1 0 0 -5.5 0 -1 0 0 0 0 1 0 0 0 0 1 0.707107 0 0.707106 4.74326 0 1 0 0 -0.707106 0 0.707107 -3.99985 0 0 0 1 0.739647 0 -0.672995 5.58261 0 1 0 0 0.672995 0 0.739647 4.34861 0 0 0 1 1 0 0 8.3 0 1 0 0 0 0 1 0 0 0 0 1 -0.891007 0 -0.45399 -7.39536 0 1 0 0 0.45399 0 -0.891007 3.76811 0 0 0 1 0.891007 0.000095 0.45399 8.39536 -0.000095 -1 0.000398 -0.000698 0.45399 -0.000398 -0.891007 3.76812 0 0 0 1 0.891007 0 -0.45399 7.39536 0 1 0 0 0.45399 0 0.891007 3.76812 0 0 0 1 0.891007 0 -0.45399 8.39536 0 1 0 0 0.45399 0 0.891007 3.76812 0 0 0 1 0.5 0.866025 0 -1.00119 -0.866025 0.5 0 -0.592014 0 0 1 0.255692 0 0 0 1 0.693874 0 0.720097 1.5281 0 1 0 0 -0.720097 0 0.693874 0.62995 0 0 0 1 -0.499998 0.866026 0 1.00122 -0.866026 -0.499998 0 -0.592032 0 0 1 0.255692 0 0 0 1 0.720389 0 -0.693571 1.90367 0 1 0 0 0.693571 0 0.720389 0.499466 0 0 0 1 0.720389 0 -0.693571 3.22413 0 1 0 0 0.693571 0 0.720389 1.9864 0 0 0 1 0.999848 -0.017451 0 0 0.017451 0.999848 0 0 0 0 1 0 0 0 0 1 1 0 0 3.59906 0 1 0 0.000357 0 0 1 0.009547 0 0 0 1 0.999848 -0.017451 0 0 0.017451 0.999848 0 0 0 0 1 0 0 0 0 1 -0.707108 0 0.707105 0 0 1 0 0 -0.707105 0 -0.707108 0 0 0 0 1 1 0 -0.000244 -1.80311 0 1 -0.000244 -0.300183 0.000244 0.000244 1 0.747914 0 0 0 1 -1 0 0.000244 1.13165 0 1 0.000244 0.000276 -0.000244 0.000244 -1 -1.13109 0 0 0 1 -1 -0.000345 0.000244 1.80301 0.000345 -1 0.000243 -0.30044 0.000243 0.000244 1 0.74806 0 0 0 1 -0.707108 -0.001312 -0.707106 0 0.001312 -1 0.000543 0 -0.707106 -0.000543 0.707107 0 0 0 0 1 -1 -0.000345 -0.000244 0.424368 0.000345 -1 -0.000243 -0.000042 -0.000243 -0.000244 1 -0.42416 0 0 0 1 1 0 0.000244 -0.424368 0 1 0.000244 -0.000103 -0.000244 -0.000244 1 -0.42416 0 0 0 1 1 0 0.000244 -1.96566 0 1 0.000244 -0.703741 -0.000244 -0.000244 1 -0.137669 0 0 0 1 -0.333254 -0.94237 -0.02967 1.32231 0.939693 -0.334546 0.071109 -1.6215 -0.076937 -0.004183 0.997027 0.016265 0 0 0 1 1 0 0.000244 -1.96566 0 1 0.000244 0.704386 -0.000244 -0.000244 1 -0.138012 0 0 0 1 -0.333254 0.94237 -0.02967 1.32298 -0.939693 -0.334546 -0.071109 1.62126 -0.076937 0.004183 0.997027 0.016268 0 0 0 1 1 0 0.000244 -3.31002 0 1 0.000244 0.000115 -0.000244 -0.000244 1 0.47489 0 0 0 1</float_array>
          <technique_common>
            <accessor source="#Controller3-bind_poses-array" count="31" stride="16">
              <param name="TRANSFORM" type="float4x4"/>
            </accessor>
          </technique_common>
        </source>
        <source id="Controller3-weights">
          <float_array id="Controller3-weights-array" count="1">1</float_array>
          <technique_common>
            <accessor source="#Controller3-weights-array" count="1" stride="1">
              <param name="WEIGHT" type="float"/>
            </accessor>
          </technique_common>
        </source>
        <joints>
          <input semantic="JOINT" source="#Controller3-joints"/>
          <input semantic="INV_BIND_MATRIX" source="#Controller3-bind_poses"/>
        </joints>
        <vertex_weights count="240">
          <input semantic="JOINT" source="#Controller3-joints" offset="0"/>
          <input semantic="WEIGHT" source="#Controller3-weights" offset="1"/>
          <vcount>1 1 1 1 1 1 1 1 1 1 1 1 1 1 1 1 1 1 1 1 1 1 1 1 1 1 1 1 1 1 1 1 1 1 1 1 1 1 1 1 1 1 0 0 0 0 0 0 0 0 0 0 0 0 0 0 0 0 0 0 0 0 0 0 0 0 0 0 0 0 0 0 0 0 0 0 0 0 0 0 0 0 0 0 0 0 0 0 0 0 0 0 0 0 0 0 0 0 0 0 0 0 0 0 0 0 0 0 0 0 0 0 0 0 0 0 0 0 0 0 0 0 0 0 0 0 0 0 0 0 0 0 0 0 0 0 0 0 0 0 0 0 0 0 0 0 0 0 0 0 0 0 0 0 0 0 0 0 0 0 0 0 0 0 0 0 0 0 0 0 0 0 0 0 0 0 0 0 0 0 0 0 0 0 0 0 0 0 0 0 0 0 0 0 0 0 0 0 0 0 0 0 0 0 0 0 0 0 0 0 0 0 0 0 0 0 0 0 0 0 0 0 0 0 0 0 0 0 0 0 0 0 0 0 0 0 0 0 0 0 </vcount>
          <v>28 0 28 0 28 0 28 0 28 0 28 0 28 0 28 0 28 0 28 0 28 0 28 0 28 0 28 0 28 0 28 0 28 0 28 0 28 0 28 0 28 0 28 0 28 0 28 0 28 0 28 0 28 0 28 0 28 0 28 0 28 0 28 0 28 0 28 0 28 0 28 0 28 0 28 0 28 0 28 0 28 0 28 0</v>
        </vertex_weights>
      </skin>
      <extra>
        <technique profile="FCOLLADA">
          <user_properties>SkinController</user_properties>
        </technique>
      </extra>
    </controller>
    <controller id="Controller4">
      <skin source="#Geometry4">
        <bind_shape_matrix>1 0 0 0 0 1 0 0 0 0 1 0 0 0 0 1</bind_shape_matrix>
        <source id="Controller4-joints">
          <Name_array id="Controller4-joints-array" count="31">chf_16cod body_bone1 body_bone2 body_bone3 lw_fin2_bone up_fin3_bone body_eff lw_tail_bone1 lw_tail_bone2 up_tail_bone1 up_tail_bone2 l_hand_bone lw_fin1_bone r_hand_bone up_fin1_bone up_fin2_bone body_null body head lowerjaw_bone1 l_cheek_bone lowerjaw_bone2 r_cheek_bone upperjaw_bone1 upperjaw_bone2 eyes l_eye l_eyelid r_eye r_eyelid line_point</Name_array>
          <technique_common>
            <accessor source="#Controller4-joints-array" count="31" stride="1">
              <param name="JOINT" type="Name"/>
            </accessor>
          </technique_common>
        </source>
        <source id="Controller4-bind_poses">
          <float_array id="Controller4-bind_poses-array" count="496">1 0 0 0 0 1 0 0 0 0 1 0 0 0 0 1 -1 0 0 0 0 -1 0 0 0 0 1 0 0 0 0 1 -1 0 0 -2.5 0 -1 0 0 0 0 1 0 0 0 0 1 -1 0 0 -5.5 0 -1 0 0 0 0 1 0 0 0 0 1 0.707107 0 0.707106 4.74326 0 1 0 0 -0.707106 0 0.707107 -3.99985 0 0 0 1 0.739647 0 -0.672995 5.58261 0 1 0 0 0.672995 0 0.739647 4.34861 0 0 0 1 1 0 0 8.3 0 1 0 0 0 0 1 0 0 0 0 1 -0.891007 0 -0.45399 -7.39536 0 1 0 0 0.45399 0 -0.891007 3.76811 0 0 0 1 0.891007 0.000095 0.45399 8.39536 -0.000095 -1 0.000398 -0.000698 0.45399 -0.000398 -0.891007 3.76812 0 0 0 1 0.891007 0 -0.45399 7.39536 0 1 0 0 0.45399 0 0.891007 3.76812 0 0 0 1 0.891007 0 -0.45399 8.39536 0 1 0 0 0.45399 0 0.891007 3.76812 0 0 0 1 0.5 0.866025 0 -1.00119 -0.866025 0.5 0 -0.592014 0 0 1 0.255692 0 0 0 1 0.693874 0 0.720097 1.5281 0 1 0 0 -0.720097 0 0.693874 0.62995 0 0 0 1 -0.499998 0.866026 0 1.00122 -0.866026 -0.499998 0 -0.592032 0 0 1 0.255692 0 0 0 1 0.720389 0 -0.693571 1.90367 0 1 0 0 0.693571 0 0.720389 0.499466 0 0 0 1 0.720389 0 -0.693571 3.22413 0 1 0 0 0.693571 0 0.720389 1.9864 0 0 0 1 0.999848 -0.017451 0 0 0.017451 0.999848 0 0 0 0 1 0 0 0 0 1 1 0 0 3.59906 0 1 0 0.000357 0 0 1 0.009547 0 0 0 1 0.999848 -0.017451 0 0 0.017451 0.999848 0 0 0 0 1 0 0 0 0 1 -0.707108 0 0.707105 0 0 1 0 0 -0.707105 0 -0.707108 0 0 0 0 1 1 0 -0.000244 -1.80311 0 1 -0.000244 -0.300183 0.000244 0.000244 1 0.747914 0 0 0 1 -1 0 0.000244 1.13165 0 1 0.000244 0.000276 -0.000244 0.000244 -1 -1.13109 0 0 0 1 -1 -0.000345 0.000244 1.80301 0.000345 -1 0.000243 -0.30044 0.000243 0.000244 1 0.74806 0 0 0 1 -0.707108 -0.001312 -0.707106 0 0.001312 -1 0.000543 0 -0.707106 -0.000543 0.707107 0 0 0 0 1 -1 -0.000345 -0.000244 0.424368 0.000345 -1 -0.000243 -0.000042 -0.000243 -0.000244 1 -0.42416 0 0 0 1 1 0 0.000244 -0.424368 0 1 0.000244 -0.000103 -0.000244 -0.000244 1 -0.42416 0 0 0 1 1 0 0.000244 -1.96566 0 1 0.000244 -0.703741 -0.000244 -0.000244 1 -0.137669 0 0 0 1 -0.333254 -0.94237 -0.02967 1.32231 0.939693 -0.334546 0.071109 -1.6215 -0.076937 -0.004183 0.997027 0.016265 0 0 0 1 1 0 0.000244 -1.96566 0 1 0.000244 0.704386 -0.000244 -0.000244 1 -0.138012 0 0 0 1 -0.333254 0.94237 -0.02967 1.32298 -0.939693 -0.334546 -0.071109 1.62126 -0.076937 0.004183 0.997027 0.016268 0 0 0 1 1 0 0.000244 -3.31002 0 1 0.000244 0.000115 -0.000244 -0.000244 1 0.47489 0 0 0 1</float_array>
          <technique_common>
            <accessor source="#Controller4-bind_poses-array" count="31" stride="16">
              <param name="TRANSFORM" type="float4x4"/>
            </accessor>
          </technique_common>
        </source>
        <source id="Controller4-weights">
          <float_array id="Controller4-weights-array" count="1">1</float_array>
          <technique_common>
            <accessor source="#Controller4-weights-array" count="1" stride="1">
              <param name="WEIGHT" type="float"/>
            </accessor>
          </technique_common>
        </source>
        <joints>
          <input semantic="JOINT" source="#Controller4-joints"/>
          <input semantic="INV_BIND_MATRIX" source="#Controller4-bind_poses"/>
        </joints>
        <vertex_weights count="150">
          <input semantic="JOINT" source="#Controller4-joints" offset="0"/>
          <input semantic="WEIGHT" source="#Controller4-weights" offset="1"/>
          <vcount>1 1 1 1 1 1 1 1 1 1 1 1 1 1 1 1 1 1 1 1 1 1 1 1 1 1 1 1 1 1 1 1 1 1 1 1 1 0 0 0 0 0 0 0 0 0 0 0 0 0 0 0 0 0 0 0 0 0 0 0 0 0 0 0 0 0 0 0 0 0 0 0 0 0 0 0 0 0 0 0 0 0 0 0 0 0 0 0 0 0 0 0 0 0 0 0 0 0 0 0 0 0 0 0 0 0 0 0 0 0 0 0 0 0 0 0 0 0 0 0 0 0 0 0 0 0 0 0 0 0 0 0 0 0 0 0 0 0 0 0 0 0 0 0 0 0 0 0 0 0 </vcount>
          <v>29 0 29 0 29 0 29 0 29 0 29 0 29 0 29 0 29 0 29 0 29 0 29 0 29 0 29 0 29 0 29 0 29 0 29 0 29 0 29 0 29 0 29 0 29 0 29 0 29 0 29 0 29 0 29 0 29 0 29 0 29 0 29 0 29 0 29 0 29 0 29 0 29 0</v>
        </vertex_weights>
      </skin>
      <extra>
        <technique profile="FCOLLADA">
          <user_properties>SkinController</user_properties>
        </technique>
      </extra>
    </controller>
  </library_controllers>
  <library_visual_scenes>
    <visual_scene id="VisualSceneNode" name="rdmscene">
      <node id="VisualSceneNode1" name="chf_16cod" sid="chf_16cod" type="JOINT">
        <matrix>1 0 0 0 0 1 0 0 0 0 1 0 0 0 0 1</matrix>
        <node id="VisualSceneNode2" name="body_bone1" sid="body_bone1" type="JOINT">
          <matrix>-1 0 0 0 0 -1 0 0 0 0 1 0 0 0 0 1</matrix>
          <node id="VisualSceneNode3" name="body_bone2" sid="body_bone2" type="JOINT">
            <matrix>1 0 0 2.5 0 1 0 0 0 0 1 0 0 0 0 1</matrix>
            <node id="VisualSceneNode4" name="body_bone3" sid="body_bone3" type="JOINT">
              <matrix>1 0 0 3 0 1 0 0 0 0 1 0 0 0 0 1</matrix>
              <node id="VisualSceneNode5" name="lw_fin2_bone" sid="lw_fin2_bone" type="JOINT">
                <matrix>-0.707107 0 0.707106 0.682313 0 -1 0 0 0.707106 0 0.707107 -0.525659 0 0 0 1</matrix>
              </node>
              <node id="VisualSceneNode6" name="up_fin3_bone" sid="up_fin3_bone" type="JOINT">
                <matrix>-0.739647 0 -0.672995 1.55576 0 -1 0 0 -0.672995 0 0.739647 0.540634 0 0 0 1</matrix>
              </node>
            </node>
          </node>
          <node id="VisualSceneNode7" name="body_eff" sid="body_eff" type="JOINT">
            <matrix>-1 0 0 8.3 0 -1 0 0 0 0 1 0 0 0 0 1</matrix>
            <node id="VisualSceneNode8" name="lw_tail_bone1" sid="lw_tail_bone1" type="JOINT">
              <matrix>-0.891007 0 0.45399 0 0 1 0 0 -0.45399 0 -0.891007 0 0 0 0 1</matrix>
              <node id="VisualSceneNode9" name="lw_tail_bone2" sid="lw_tail_bone2" type="JOINT">
                <matrix>-1 -0.000095 -0.000000 1 0.000095 -1 -0.000398 0 -0.000000 -0.000398 1 0.000000 0 0 0 1</matrix>
              </node>
            </node>
            <node id="VisualSceneNode10" name="up_tail_bone1" sid="up_tail_bone1" type="JOINT">
              <matrix>0.891007 0 0.45399 0 0 1 0 0 -0.45399 0 0.891007 0 0 0 0 1</matrix>
              <node id="VisualSceneNode11" name="up_tail_bone2" sid="up_tail_bone2" type="JOINT">
                <matrix>1 0 0 -1 0 1 0 0 0 0 1 0.000000 0 0 0 1</matrix>
              </node>
            </node>
          </node>
          <node id="VisualSceneNode12" name="l_hand_bone" sid="l_hand_bone" type="JOINT">
            <matrix>-0.5 0.866025 0 0.012106 -0.866025 -0.5 0 -1.16306 0 0 1 -0.255692 0 0 0 1</matrix>
          </node>
          <node id="VisualSceneNode13" name="lw_fin1_bone" sid="lw_fin1_bone" type="JOINT">
            <matrix>-0.693874 0 0.720097 0.606686 0 -1 0 0 0.720097 0 0.693874 -1.53749 0 0 0 1</matrix>
          </node>
          <node id="VisualSceneNode14" name="r_hand_bone" sid="r_hand_bone" type="JOINT">
            <matrix>0.499998 0.866026 0 0.012106 -0.866026 0.499998 0 1.1631 0 0 1 -0.255692 0 0 0 1</matrix>
          </node>
          <node id="VisualSceneNode15" name="up_fin1_bone" sid="up_fin1_bone" type="JOINT">
            <matrix>-0.720389 0 -0.693571 1.7178 0 -1 0 0 -0.693571 0 0.720389 0.960521 0 0 0 1</matrix>
          </node>
          <node id="VisualSceneNode16" name="up_fin2_bone" sid="up_fin2_bone" type="JOINT">
            <matrix>-0.720389 0 -0.693571 3.70033 0 -1 0 0 -0.693571 0 0.720389 0.805184 0 0 0 1</matrix>
          </node>
        </node>
        <node id="VisualSceneNode17" name="body_null" sid="body_null" type="JOINT">
          <matrix>0.999848 0.017451 0 0 -0.017451 0.999848 0 0 0 0 1 0 0 0 0 1</matrix>
          <node id="VisualSceneNode18" name="body" sid="body" type="JOINT">
            <matrix>0.999848 -0.017451 0 -3.5985 0.017451 0.999848 0 -0.063165 0 0 1 -0.009547 0 0 0 1</matrix>
          </node>
        </node>
        <node id="VisualSceneNode19" name="head" sid="head" type="JOINT">
          <matrix>0.999848 0.017451 0 0 -0.017451 0.999848 0 0 0 0 1 0 0 0 0 1</matrix>
          <node id="VisualSceneNode20" name="lowerjaw_bone1" sid="lowerjaw_bone1" type="JOINT">
            <matrix>-0.707001 -0.017451 -0.706997 0 -0.01234 0.999848 -0.012339 0 0.707105 0 -0.707108 0 0 0 0 1</matrix>
            <node id="VisualSceneNode21" name="l_cheek_bone" sid="l_cheek_bone" type="JOINT">
              <matrix>-0.707281 -0.000172 0.706933 -1.80408 0 1 0.000244 0.3 -0.706933 0.000172 -0.707281 -0.745639 0 0 0 1</matrix>
            </node>
            <node id="VisualSceneNode22" name="lowerjaw_bone2" sid="lowerjaw_bone2" type="JOINT">
              <matrix>0.707281 0.000172 -0.706933 -1.6 0 1 0.000244 0 0.706933 -0.000172 0.707281 0.000003 0 0 0 1</matrix>
            </node>
            <node id="VisualSceneNode23" name="r_cheek_bone" sid="r_cheek_bone" type="JOINT">
              <matrix>0.707281 -0.000071 0.706933 -1.80408 -0.000345 -1 0.000244 -0.3 0.706933 -0.000416 -0.707281 -0.745639 0 0 0 1</matrix>
            </node>
          </node>
          <node id="VisualSceneNode24" name="upperjaw_bone1" sid="upperjaw_bone1" type="JOINT">
            <matrix>-0.706978 0.018763 -0.706989 0 -0.013652 -0.999826 -0.012883 0 -0.707106 0.000543 0.707107 0 0 0 0 1</matrix>
            <node id="VisualSceneNode25" name="upperjaw_bone2" sid="upperjaw_bone2" type="JOINT">
              <matrix>0.707282 0.001241 -0.706933 -0.6 -0.000967 1 0.000787 0.000787 0.706934 0.000127 0.70728 0.000000 0 0 0 1</matrix>
              <node id="VisualSceneNode26" name="eyes" sid="eyes" type="JOINT">
                <matrix>-1 -0.000345 0 0 0.000345 -1 0 0 0 0 1 0 0 0 0 1</matrix>
                <node id="VisualSceneNode27" name="l_eye" sid="l_eye" type="JOINT">
                  <matrix>1 0 0 1.54129 0 1 0 0.703637 0 0 1 -0.286492 0 0 0 1</matrix>
                </node>
                <node id="VisualSceneNode28" name="l_eyelid" sid="l_eyelid" type="JOINT">
                  <matrix>-0.333261 0.93971 -0.076694 1.54129 -0.942377 -0.334529 -0.003939 0.703637 -0.029358 0.070961 0.997047 -0.286492 0 0 0 1</matrix>
                </node>
                <node id="VisualSceneNode29" name="r_eye" sid="r_eye" type="JOINT">
                  <matrix>1 0 0 1.54129 0 1 0 -0.70449 0 0 1 -0.286148 0 0 0 1</matrix>
                </node>
                <node id="VisualSceneNode30" name="r_eyelid" sid="r_eyelid" type="JOINT">
                  <matrix>-0.333261 -0.93971 -0.076694 1.54129 0.942363 -0.334564 0.004426 -0.70449 -0.029818 -0.070798 0.997045 -0.286148 0 0 0 1</matrix>
                </node>
              </node>
              <node id="VisualSceneNode31" name="line_point" sid="line_point" type="JOINT">
                <matrix>-1 -0.000345 0 -2.88565 0.000345 -1 0 0.001215 0 0 1 -0.89905 0 0 0 1</matrix>
              </node>
            </node>
          </node>
        </node>
      </node>
      <node id="VisualSceneNode32" name="mesh0" type="NODE">
        <matrix>1 0 0 0 0 1 0 0 0 0 1 0 0 0 0 1</matrix>
        <instance_controller url="#Controller">
          <skeleton>#VisualSceneNode1</skeleton>
          <bind_material>
            <technique_common>
              <instance_material symbol="VisualMaterial0" target="#VisualMaterial"/>
            </technique_common>
          </bind_material>
        </instance_controller>
      </node>
      <node id="VisualSceneNode33" name="mesh1" type="NODE">
        <matrix>1 0 0 0 0 1 0 0 0 0 1 0 0 0 0 1</matrix>
        <instance_controller url="#Controller1">
          <skeleton>#VisualSceneNode1</skeleton>
          <bind_material>
            <technique_common>
              <instance_material symbol="VisualMaterial10" target="#VisualMaterial1"/>
            </technique_common>
          </bind_material>
        </instance_controller>
      </node>
      <node id="VisualSceneNode34" name="mesh2" type="NODE">
        <matrix>1 0 0 0 0 1 0 0 0 0 1 0 0 0 0 1</matrix>
        <instance_controller url="#Controller2">
          <skeleton>#VisualSceneNode1</skeleton>
          <bind_material>
            <technique_common>
              <instance_material symbol="VisualMaterial0" target="#VisualMaterial"/>
            </technique_common>
          </bind_material>
        </instance_controller>
      </node>
      <node id="VisualSceneNode35" name="mesh3" type="NODE">
        <matrix>1 0 0 0 0 1 0 0 0 0 1 0 0 0 0 1</matrix>
        <instance_controller url="#Controller3">
          <skeleton>#VisualSceneNode1</skeleton>
          <bind_material>
            <technique_common>
              <instance_material symbol="VisualMaterial10" target="#VisualMaterial1"/>
            </technique_common>
          </bind_material>
        </instance_controller>
      </node>
      <node id="VisualSceneNode36" name="mesh4" type="NODE">
        <matrix>1 0 0 0 0 1 0 0 0 0 1 0 0 0 0 1</matrix>
        <instance_controller url="#Controller4">
          <skeleton>#VisualSceneNode1</skeleton>
          <bind_material>
            <technique_common>
              <instance_material symbol="VisualMaterial0" target="#VisualMaterial"/>
            </technique_common>
          </bind_material>
        </instance_controller>
      </node>
    </visual_scene>
  </library_visual_scenes>
  <scene>
    <instance_visual_scene url="#VisualSceneNode"/>
  </scene>
</COLLADA>
